BMC, af_shell3, 504855, 17562051, ABMC, 32, 1, 1, 32, 4, 4.369283905389e+08, 3.433323550615e+07, 7.857863267664e-02
BMC, af_shell3, 504855, 17562051, ABMC, 32, 1, 2, 32, 4, 4.369283905389e+08, 3.442177461852e+07, 7.878127254690e-02
BMC, af_shell3, 504855, 17562051, ABMC, 32, 1, 3, 32, 4, 4.369283905389e+08, 3.436201029700e+07, 7.864448967168e-02
BMC, af_shell3, 504855, 17562051, ABMC, 32, 2, 1, 32, 4, 4.369283905389e+08, 3.453051072448e+07, 7.903013736847e-02
BMC, af_shell3, 504855, 17562051, ABMC, 32, 2, 2, 32, 5, 4.369283905388e+08, 3.444989540634e+07, 7.884563272223e-02
BMC, af_shell3, 504855, 17562051, ABMC, 32, 2, 3, 32, 4, 4.369283905389e+08, 3.457280769481e+07, 7.912694263737e-02
BMC, af_shell3, 504855, 17562051, ABMC, 32, 3, 1, 32, 6, 4.369283905385e+08, 3.448329982214e+07, 7.892208556106e-02
BMC, af_shell3, 504855, 17562051, ABMC, 32, 3, 2, 32, 6, 4.369283905385e+08, 3.449462339623e+07, 7.894800187673e-02
BMC, af_shell3, 504855, 17562051, ABMC, 32, 3, 3, 32, 6, 4.369283905384e+08, 3.433133035469e+07, 7.857427234789e-02
BMC, af_shell3, 504855, 17562051, ABMC, 64, 1, 1, 64, 5, 4.369283905388e+08, 3.461447821035e+07, 7.922231413633e-02
BMC, af_shell3, 504855, 17562051, ABMC, 64, 1, 2, 64, 5, 4.369283905389e+08, 3.459311387968e+07, 7.917341749530e-02
BMC, af_shell3, 504855, 17562051, ABMC, 64, 1, 3, 64, 5, 4.369283905388e+08, 3.469916071452e+07, 7.941612736981e-02
BMC, af_shell3, 504855, 17562051, ABMC, 64, 2, 1, 64, 5, 4.369283905389e+08, 3.481857364319e+07, 7.968942828423e-02
BMC, af_shell3, 504855, 17562051, ABMC, 64, 2, 2, 64, 5, 4.369283905388e+08, 3.474745106452e+07, 7.952664971408e-02
BMC, af_shell3, 504855, 17562051, ABMC, 64, 2, 3, 64, 5, 4.369283905389e+08, 3.474204591690e+07, 7.951427892807e-02
BMC, af_shell3, 504855, 17562051, ABMC, 64, 3, 1, 64, 6, 4.369283905383e+08, 3.460039691176e+07, 7.919008620412e-02
BMC, af_shell3, 504855, 17562051, ABMC, 64, 3, 2, 64, 6, 4.369283905386e+08, 3.463974267112e+07, 7.928013702297e-02
BMC, af_shell3, 504855, 17562051, ABMC, 64, 3, 3, 64, 6, 4.369283905382e+08, 3.474473990261e+07, 7.952044466557e-02
BMC, af_shell3, 504855, 17562051, ABMC, 128, 1, 1, 128, 5, 4.369283905388e+08, 3.488530168502e+07, 7.984214905788e-02
BMC, af_shell3, 504855, 17562051, ABMC, 128, 1, 2, 128, 6, 4.369283905388e+08, 3.494028673679e+07, 7.996799359662e-02
BMC, af_shell3, 504855, 17562051, ABMC, 128, 1, 3, 128, 5, 4.369283905388e+08, 3.490181332071e+07, 7.987993931379e-02
BMC, af_shell3, 504855, 17562051, ABMC, 128, 2, 1, 128, 5, 4.369283905389e+08, 3.513053080675e+07, 8.040340606711e-02
BMC, af_shell3, 504855, 17562051, ABMC, 128, 2, 2, 128, 5, 4.369283905389e+08, 3.502833297864e+07, 8.016950543185e-02
BMC, af_shell3, 504855, 17562051, ABMC, 128, 2, 3, 128, 5, 4.369283905389e+08, 3.510731735769e+07, 8.035027734040e-02
BMC, af_shell3, 504855, 17562051, ABMC, 128, 3, 1, 128, 9, 4.369283905387e+08, 3.479170967856e+07, 7.962794460591e-02
BMC, af_shell3, 504855, 17562051, ABMC, 128, 3, 2, 128, 9, 4.369283905381e+08, 3.500507235910e+07, 8.011626874599e-02
BMC, af_shell3, 504855, 17562051, ABMC, 128, 3, 3, 128, 9, 4.369283905385e+08, 3.497492628490e+07, 8.004727328840e-02
BMC, af_shell3, 504855, 17562051, ABMC, 256, 1, 1, 256, 5, 4.369283905388e+08, 3.541921148755e+07, 8.106411085778e-02
BMC, af_shell3, 504855, 17562051, ABMC, 256, 1, 2, 256, 6, 4.369283905388e+08, 3.539467853212e+07, 8.100796217081e-02
BMC, af_shell3, 504855, 17562051, ABMC, 256, 1, 3, 256, 5, 4.369283905388e+08, 3.540769228675e+07, 8.103774681038e-02
BMC, af_shell3, 504855, 17562051, ABMC, 256, 2, 1, 256, 5, 4.369283905389e+08, 3.557866965223e+07, 8.142906348646e-02
BMC, af_shell3, 504855, 17562051, ABMC, 256, 2, 2, 256, 6, 4.369283905388e+08, 3.559892509062e+07, 8.147542220069e-02
BMC, af_shell3, 504855, 17562051, ABMC, 256, 2, 3, 256, 5, 4.369283905389e+08, 3.561250392656e+07, 8.150650014441e-02
BMC, af_shell3, 504855, 17562051, ABMC, 256, 3, 1, 256, 11, 4.369283905380e+08, 3.546089955142e+07, 8.115952251982e-02
BMC, af_shell3, 504855, 17562051, ABMC, 256, 3, 2, 256, 11, 4.369283905380e+08, 3.534239899472e+07, 8.088830975529e-02
BMC, af_shell3, 504855, 17562051, ABMC, 256, 3, 3, 256, 11, 4.369283905373e+08, 3.538801033506e+07, 8.099270063805e-02
BMC, af_shell3, 504855, 17562051, ABMC, 512, 1, 1, 512, 6, 4.369283905388e+08, 3.607313366291e+07, 8.256074552268e-02
BMC, af_shell3, 504855, 17562051, ABMC, 512, 1, 2, 512, 6, 4.369283905387e+08, 3.606898064082e+07, 8.255124048209e-02
BMC, af_shell3, 504855, 17562051, ABMC, 512, 1, 3, 512, 6, 4.369283905388e+08, 3.614798021455e+07, 8.273204716675e-02
BMC, af_shell3, 504855, 17562051, ABMC, 512, 2, 1, 512, 5, 4.369283905388e+08, 3.612112277491e+07, 8.267057842217e-02
BMC, af_shell3, 504855, 17562051, ABMC, 512, 2, 2, 512, 6, 4.369283905388e+08, 3.610446887877e+07, 8.263246257413e-02
BMC, af_shell3, 504855, 17562051, ABMC, 512, 2, 3, 512, 5, 4.369283905389e+08, 3.618891935207e+07, 8.282574475748e-02
BMC, af_shell3, 504855, 17562051, ABMC, 512, 3, 1, 512, 14, 4.369283905379e+08, 3.638760071283e+07, 8.328046769410e-02
BMC, af_shell3, 504855, 17562051, ABMC, 512, 3, 2, 512, 14, 4.369283905377e+08, 3.637154469659e+07, 8.324372021656e-02
BMC, af_shell3, 504855, 17562051, ABMC, 512, 3, 3, 512, 14, 4.369283905380e+08, 3.639299526422e+07, 8.329281422845e-02
BMC, af_shell3, 504855, 17562051, ABMC, 1024, 1, 1, 1022, 6, 4.369283905389e+08, 3.681345372167e+07, 8.425511941732e-02
BMC, af_shell3, 504855, 17562051, ABMC, 1024, 1, 2, 1022, 6, 4.369283905389e+08, 3.687620890468e+07, 8.439874749087e-02
BMC, af_shell3, 504855, 17562051, ABMC, 1024, 1, 3, 1022, 6, 4.369283905389e+08, 3.693759480622e+07, 8.453924168367e-02
BMC, af_shell3, 504855, 17562051, ABMC, 1024, 2, 1, 1022, 5, 4.369283905389e+08, 3.683493038511e+07, 8.430427315489e-02
BMC, af_shell3, 504855, 17562051, ABMC, 1024, 2, 2, 1022, 6, 4.369283905388e+08, 3.692539145778e+07, 8.451131182447e-02
BMC, af_shell3, 504855, 17562051, ABMC, 1024, 2, 3, 1022, 5, 4.369283905388e+08, 3.694229403713e+07, 8.454999683489e-02
BMC, af_shell3, 504855, 17562051, ABMC, 1024, 3, 1, 1022, 17, 4.369283905365e+08, 4.015114585720e+07, 9.189411062965e-02
BMC, af_shell3, 504855, 17562051, ABMC, 1024, 3, 2, 1022, 20, 4.369283905370e+08, 4.019679806919e+07, 9.199859505533e-02
BMC, af_shell3, 504855, 17562051, ABMC, 1024, 3, 3, 1022, 17, 4.369283905371e+08, 4.055300527484e+07, 9.281384811133e-02
BMC, ecology2, 999999, 4995991, ABMC, 32, 1, 1, 32, 5, 4.385128977902e+04, 4.090308773311e+03, 9.327681794361e-02
BMC, ecology2, 999999, 4995991, ABMC, 32, 1, 2, 32, 5, 4.385128977902e+04, 4.089941898700e+03, 9.326845160793e-02
BMC, ecology2, 999999, 4995991, ABMC, 32, 1, 3, 32, 5, 4.385128977902e+04, 4.090513753638e+03, 9.328149238599e-02
BMC, ecology2, 999999, 4995991, ABMC, 32, 2, 1, 32, 2, 4.385128977902e+04, 4.080918668737e+03, 9.306268274665e-02
BMC, ecology2, 999999, 4995991, ABMC, 32, 2, 2, 32, 2, 4.385128977902e+04, 4.080918668737e+03, 9.306268274665e-02
BMC, ecology2, 999999, 4995991, ABMC, 32, 2, 3, 32, 2, 4.385128977902e+04, 4.080918668737e+03, 9.306268274665e-02
BMC, ecology2, 999999, 4995991, ABMC, 32, 3, 1, 32, 4, 4.385128977902e+04, 4.077410935115e+03, 9.298269117423e-02
BMC, ecology2, 999999, 4995991, ABMC, 32, 3, 2, 32, 5, 4.385128977902e+04, 4.075439989014e+03, 9.293774503671e-02
BMC, ecology2, 999999, 4995991, ABMC, 32, 3, 3, 32, 4, 4.385128977902e+04, 4.077509459902e+03, 9.298493796761e-02
BMC, ecology2, 999999, 4995991, ABMC, 64, 1, 1, 64, 5, 4.385128977902e+04, 4.106600782512e+03, 9.364834656418e-02
BMC, ecology2, 999999, 4995991, ABMC, 64, 1, 2, 64, 5, 4.385128977902e+04, 4.101208322397e+03, 9.352537503603e-02
BMC, ecology2, 999999, 4995991, ABMC, 64, 1, 3, 64, 5, 4.385128977902e+04, 4.108498058520e+03, 9.369161270338e-02
BMC, ecology2, 999999, 4995991, ABMC, 64, 2, 1, 64, 2, 4.385128977902e+04, 4.097024346785e+03, 9.342996220705e-02
BMC, ecology2, 999999, 4995991, ABMC, 64, 2, 2, 64, 2, 4.385128977902e+04, 4.097024346785e+03, 9.342996220705e-02
BMC, ecology2, 999999, 4995991, ABMC, 64, 2, 3, 64, 2, 4.385128977902e+04, 4.097024346785e+03, 9.342996220705e-02
BMC, ecology2, 999999, 4995991, ABMC, 64, 3, 1, 64, 5, 4.385128977902e+04, 4.090828520832e+03, 9.328867044611e-02
BMC, ecology2, 999999, 4995991, ABMC, 64, 3, 2, 64, 6, 4.385128977902e+04, 4.081746946147e+03, 9.308157107160e-02
BMC, ecology2, 999999, 4995991, ABMC, 64, 3, 3, 64, 5, 4.385128977902e+04, 4.088730142872e+03, 9.324081830833e-02
BMC, ecology2, 999999, 4995991, ABMC, 128, 1, 1, 128, 5, 4.385128977902e+04, 4.122852536537e+03, 9.401895719175e-02
BMC, ecology2, 999999, 4995991, ABMC, 128, 1, 2, 128, 5, 4.385128977902e+04, 4.120821693183e+03, 9.397264513653e-02
BMC, ecology2, 999999, 4995991, ABMC, 128, 1, 3, 128, 5, 4.385128977902e+04, 4.119787645850e+03, 9.394906436300e-02
BMC, ecology2, 999999, 4995991, ABMC, 128, 2, 1, 128, 2, 4.385128977902e+04, 4.129193750996e+03, 9.416356444256e-02
BMC, ecology2, 999999, 4995991, ABMC, 128, 2, 2, 128, 2, 4.385128977902e+04, 4.129193750996e+03, 9.416356444256e-02
BMC, ecology2, 999999, 4995991, ABMC, 128, 2, 3, 128, 2, 4.385128977902e+04, 4.129193750996e+03, 9.416356444256e-02
BMC, ecology2, 999999, 4995991, ABMC, 128, 3, 1, 128, 5, 4.385128977902e+04, 4.110420306554e+03, 9.373544831331e-02
BMC, ecology2, 999999, 4995991, ABMC, 128, 3, 2, 128, 5, 4.385128977902e+04, 4.095620436940e+03, 9.339794696071e-02
BMC, ecology2, 999999, 4995991, ABMC, 128, 3, 3, 128, 5, 4.385128977902e+04, 4.110536210290e+03, 9.373809142226e-02
BMC, ecology2, 999999, 4995991, ABMC, 256, 1, 1, 256, 5, 4.385128977902e+04, 4.143020343635e+03, 9.447887084993e-02
BMC, ecology2, 999999, 4995991, ABMC, 256, 1, 2, 256, 6, 4.385128977902e+04, 4.142589274489e+03, 9.446904059981e-02
BMC, ecology2, 999999, 4995991, ABMC, 256, 1, 3, 256, 5, 4.385128977902e+04, 4.138144953053e+03, 9.436769075450e-02
BMC, ecology2, 999999, 4995991, ABMC, 256, 2, 1, 256, 2, 4.385128977902e+04, 4.192808139852e+03, 9.561424899886e-02
BMC, ecology2, 999999, 4995991, ABMC, 256, 2, 2, 256, 2, 4.385128977902e+04, 4.192808139852e+03, 9.561424899886e-02
BMC, ecology2, 999999, 4995991, ABMC, 256, 2, 3, 256, 2, 4.385128977902e+04, 4.192808139852e+03, 9.561424899886e-02
BMC, ecology2, 999999, 4995991, ABMC, 256, 3, 1, 256, 5, 4.385128977902e+04, 4.163374709617e+03, 9.494303886150e-02
BMC, ecology2, 999999, 4995991, ABMC, 256, 3, 2, 256, 5, 4.385128977902e+04, 4.128156768522e+03, 9.413991673505e-02
BMC, ecology2, 999999, 4995991, ABMC, 256, 3, 3, 256, 5, 4.385128977902e+04, 4.170394887192e+03, 9.510312942237e-02
BMC, ecology2, 999999, 4995991, ABMC, 512, 1, 1, 512, 5, 4.385128977902e+04, 4.180419144624e+03, 9.533172606075e-02
BMC, ecology2, 999999, 4995991, ABMC, 512, 1, 2, 512, 6, 4.385128977902e+04, 4.174386049406e+03, 9.519414526782e-02
BMC, ecology2, 999999, 4995991, ABMC, 512, 1, 3, 512, 5, 4.385128977902e+04, 4.170779197628e+03, 9.511189337065e-02
BMC, ecology2, 999999, 4995991, ABMC, 512, 2, 1, 512, 3, 4.385128977902e+04, 4.314565760888e+03, 9.839085195967e-02
BMC, ecology2, 999999, 4995991, ABMC, 512, 2, 2, 512, 3, 4.385128977902e+04, 4.283934957263e+03, 9.769233650482e-02
BMC, ecology2, 999999, 4995991, ABMC, 512, 2, 3, 512, 3, 4.385128977902e+04, 4.317804934035e+03, 9.846471918598e-02
BMC, ecology2, 999999, 4995991, ABMC, 512, 3, 1, 512, 5, 4.385128977902e+04, 4.257194163766e+03, 9.708253018825e-02
BMC, ecology2, 999999, 4995991, ABMC, 512, 3, 2, 512, 5, 4.385128977902e+04, 4.211830471477e+03, 9.604804083761e-02
BMC, ecology2, 999999, 4995991, ABMC, 512, 3, 3, 512, 5, 4.385128977902e+04, 4.262259140952e+03, 9.719803368225e-02
BMC, ecology2, 999999, 4995991, ABMC, 1024, 1, 1, 1024, 6, 4.385128977902e+04, 4.222733503949e+03, 9.629667736636e-02
BMC, ecology2, 999999, 4995991, ABMC, 1024, 1, 2, 1024, 6, 4.385128977902e+04, 4.220146903632e+03, 9.623769163686e-02
BMC, ecology2, 999999, 4995991, ABMC, 1024, 1, 3, 1024, 6, 4.385128977902e+04, 4.221602832217e+03, 9.627089313658e-02
BMC, ecology2, 999999, 4995991, ABMC, 1024, 2, 1, 1024, 4, 4.385128977902e+04, 4.374325490743e+03, 9.975363353703e-02
BMC, ecology2, 999999, 4995991, ABMC, 1024, 2, 2, 1024, 4, 4.385128977902e+04, 4.330488211699e+03, 9.875395304268e-02
BMC, ecology2, 999999, 4995991, ABMC, 1024, 2, 3, 1024, 4, 4.385128977902e+04, 4.318594534122e+03, 9.848272549984e-02
BMC, ecology2, 999999, 4995991, ABMC, 1024, 3, 1, 1024, 5, 4.385128977902e+04, 4.311844849915e+03, 9.832880336344e-02
BMC, ecology2, 999999, 4995991, ABMC, 1024, 3, 2, 1024, 5, 4.385128977902e+04, 4.279791468640e+03, 9.759784695518e-02
BMC, ecology2, 999999, 4995991, ABMC, 1024, 3, 3, 1024, 5, 4.385128977902e+04, 4.299983207805e+03, 9.805830636850e-02
BMC, Emilia_923, 923136, 40373538, ABMC, 32, 1, 1, 32, 8, 8.436920801717e+15, 4.811193142033e+14, 5.702546290412e-02
BMC, Emilia_923, 923136, 40373538, ABMC, 32, 1, 2, 32, 8, 8.436920801709e+15, 4.843234782710e+14, 5.740524175276e-02
BMC, Emilia_923, 923136, 40373538, ABMC, 32, 1, 3, 32, 8, 8.436920801706e+15, 1.374231889885e+14, 1.628831089190e-02
BMC, Emilia_923, 923136, 40373538, ABMC, 32, 2, 1, 32, 8, 8.436920801685e+15, 4.580731771195e+12, 5.429388136819e-04
BMC, Emilia_923, 923136, 40373538, ABMC, 32, 2, 2, 32, 7, 8.436920801686e+15, 5.032283839426e+12, 5.964597698275e-04
BMC, Emilia_923, 923136, 40373538, ABMC, 32, 2, 3, 32, 8, 8.436920801693e+15, 3.658668573924e+12, 4.336497473332e-04
BMC, Emilia_923, 923136, 40373538, ABMC, 32, 3, 1, 32, 14, 8.436920801675e+15, 4.353874277181e+12, 5.160501537856e-04
BMC, Emilia_923, 923136, 40373538, ABMC, 32, 3, 2, 32, 15, 8.436920801655e+15, 5.623653099242e+12, 6.665527899869e-04
BMC, Emilia_923, 923136, 40373538, ABMC, 32, 3, 3, 32, 14, 8.436920801675e+15, 4.353874277181e+12, 5.160501537856e-04
BMC, Emilia_923, 923136, 40373538, ABMC, 64, 1, 1, 64, 8, 8.436920801663e+15, 3.827102605648e+14, 4.536136696808e-02
BMC, Emilia_923, 923136, 40373538, ABMC, 64, 1, 2, 64, 9, 8.436920801677e+15, 4.413272857856e+14, 5.230904688567e-02
BMC, Emilia_923, 923136, 40373538, ABMC, 64, 1, 3, 64, 8, 8.436920801673e+15, 3.987713770318e+14, 4.726503737629e-02
BMC, Emilia_923, 923136, 40373538, ABMC, 64, 2, 1, 64, 8, 8.436920801728e+15, 4.570941827954e+13, 5.417784444555e-03
BMC, Emilia_923, 923136, 40373538, ABMC, 64, 2, 2, 64, 8, 8.436920801684e+15, 4.001246578425e+13, 4.742543722381e-03
BMC, Emilia_923, 923136, 40373538, ABMC, 64, 2, 3, 64, 8, 8.436920801718e+15, 4.193258659873e+13, 4.970129219442e-03
BMC, Emilia_923, 923136, 40373538, ABMC, 64, 3, 1, 64, 15, 8.436920801680e+15, 5.254697126502e+12, 6.228216727429e-04
BMC, Emilia_923, 923136, 40373538, ABMC, 64, 3, 2, 64, 17, 8.436920801720e+15, 3.647557157391e+12, 4.323327482993e-04
BMC, Emilia_923, 923136, 40373538, ABMC, 64, 3, 3, 64, 15, 8.436920801667e+15, 3.628427906633e+12, 4.300654221996e-04
BMC, Emilia_923, 923136, 40373538, ABMC, 128, 1, 1, 128, 9, 8.436920801703e+15, 8.201199422301e+14, 9.720607334190e-02
BMC, Emilia_923, 923136, 40373538, ABMC, 128, 1, 2, 128, 11, 8.436920801667e+15, 8.770444704755e+14, 1.039531472551e-01
BMC, Emilia_923, 923136, 40373538, ABMC, 128, 1, 3, 128, 9, 8.436920801693e+15, 5.603353716862e+14, 6.641467720946e-02
BMC, Emilia_923, 923136, 40373538, ABMC, 128, 2, 1, 128, 11, 8.436920801717e+15, 1.183304333619e+14, 1.402531043528e-02
BMC, Emilia_923, 923136, 40373538, ABMC, 128, 2, 2, 128, 11, 8.436920801695e+15, 1.568284433360e+14, 1.858835077656e-02
BMC, Emilia_923, 923136, 40373538, ABMC, 128, 2, 3, 128, 11, 8.436920801666e+15, 1.581673611150e+14, 1.874704822212e-02
BMC, Emilia_923, 923136, 40373538, ABMC, 128, 3, 1, 128, 16, 8.436920801710e+15, 5.356889830261e+12, 6.349342320690e-04
BMC, Emilia_923, 923136, 40373538, ABMC, 128, 3, 2, 128, 17, 8.436920801682e+15, 5.341574948018e+12, 6.331190103092e-04
BMC, Emilia_923, 923136, 40373538, ABMC, 128, 3, 3, 128, 16, 8.436920801676e+15, 5.998282798456e+12, 7.109563950469e-04
BMC, Emilia_923, 923136, 40373538, ABMC, 256, 1, 1, 256, 9, 8.436920801684e+15, 6.220640572943e+14, 7.373117182398e-02
BMC, Emilia_923, 923136, 40373538, ABMC, 256, 1, 2, 256, 11, 8.436920801670e+15, 7.808330303544e+14, 9.254952709758e-02
BMC, Emilia_923, 923136, 40373538, ABMC, 256, 1, 3, 256, 9, 8.436920801715e+15, 7.533959240825e+14, 8.929749867148e-02
BMC, Emilia_923, 923136, 40373538, ABMC, 256, 2, 1, 256, 11, 8.436920801669e+15, 1.270825450758e+14, 1.506266895982e-02
BMC, Emilia_923, 923136, 40373538, ABMC, 256, 2, 2, 256, 13, 8.436920801695e+15, 1.328766523992e+14, 1.574942511875e-02
BMC, Emilia_923, 923136, 40373538, ABMC, 256, 2, 3, 256, 11, 8.436920801666e+15, 1.272990533219e+14, 1.508833095799e-02
BMC, Emilia_923, 923136, 40373538, ABMC, 256, 3, 1, 256, 14, 8.436920801695e+15, 1.495059033942e+13, 1.772043461214e-03
BMC, Emilia_923, 923136, 40373538, ABMC, 256, 3, 2, 256, 16, 8.436920801701e+15, 1.598780752222e+13, 1.894981344260e-03
BMC, Emilia_923, 923136, 40373538, ABMC, 256, 3, 3, 256, 14, 8.436920801689e+15, 1.127028460774e+13, 1.335829133952e-03
BMC, Emilia_923, 923136, 40373538, ABMC, 512, 1, 1, 512, 10, 8.436920801678e+15, 8.125501445410e+14, 9.630885054407e-02
BMC, Emilia_923, 923136, 40373538, ABMC, 512, 1, 2, 512, 11, 8.436920801665e+15, 7.340104612399e+14, 8.699980460822e-02
BMC, Emilia_923, 923136, 40373538, ABMC, 512, 1, 3, 512, 10, 8.436920801686e+15, 7.682307553763e+14, 9.105582160054e-02
BMC, Emilia_923, 923136, 40373538, ABMC, 512, 2, 1, 512, 13, 8.436920801734e+15, 2.663664231222e+14, 3.157152110133e-02
BMC, Emilia_923, 923136, 40373538, ABMC, 512, 2, 2, 512, 15, 8.436920801703e+15, 2.555009222765e+14, 3.028366963276e-02
BMC, Emilia_923, 923136, 40373538, ABMC, 512, 2, 3, 512, 13, 8.436920801688e+15, 3.064547658212e+14, 3.632305826076e-02
BMC, Emilia_923, 923136, 40373538, ABMC, 512, 3, 1, 512, 16, 8.436920801721e+15, 1.196452238566e+14, 1.418114815445e-02
BMC, Emilia_923, 923136, 40373538, ABMC, 512, 3, 2, 512, 17, 8.436920801683e+15, 1.188871194931e+14, 1.409129258028e-02
BMC, Emilia_923, 923136, 40373538, ABMC, 512, 3, 3, 512, 16, 8.436920801705e+15, 1.192332250358e+14, 1.413231531244e-02
BMC, Emilia_923, 923136, 40373538, ABMC, 1024, 1, 1, 1024, 10, 8.436920801708e+15, 7.352276862347e+14, 8.714407821463e-02
BMC, Emilia_923, 923136, 40373538, ABMC, 1024, 1, 2, 1024, 13, 8.436920801696e+15, 6.798983771841e+14, 8.058608029691e-02
BMC, Emilia_923, 923136, 40373538, ABMC, 1024, 1, 3, 1024, 10, 8.436920801690e+15, 8.054364224025e+14, 9.546568485521e-02
BMC, Emilia_923, 923136, 40373538, ABMC, 1024, 2, 1, 1024, 13, 8.436920801696e+15, 7.365132927992e+14, 8.729645686032e-02
BMC, Emilia_923, 923136, 40373538, ABMC, 1024, 2, 2, 1024, 15, 8.436920801727e+15, 4.100942679389e+14, 4.860710175861e-02
BMC, Emilia_923, 923136, 40373538, ABMC, 1024, 2, 3, 1024, 13, 8.436920801661e+15, 7.304337467994e+14, 8.657586861022e-02
BMC, Emilia_923, 923136, 40373538, ABMC, 1024, 3, 1, 1024, 16, 8.436920801692e+15, 5.448933125790e+13, 6.458438159923e-03
BMC, Emilia_923, 923136, 40373538, ABMC, 1024, 3, 2, 1024, 17, 8.436920801686e+15, 2.215748615334e+13, 2.626252714013e-03
BMC, Emilia_923, 923136, 40373538, ABMC, 1024, 3, 3, 1024, 16, 8.436920801707e+15, 2.078028622527e+13, 2.463017813449e-03
BMC, G3_circuit, 1585478, 7660826, ABMC, 32, 1, 1, 32, 6, 3.970650511649e+06, 2.451831768052e+04, 6.174886862640e-03
BMC, G3_circuit, 1585478, 7660826, ABMC, 32, 1, 2, 32, 7, 3.970650511649e+06, 2.449975015681e+04, 6.170210670754e-03
BMC, G3_circuit, 1585478, 7660826, ABMC, 32, 1, 3, 32, 6, 3.970650511651e+06, 2.451703530105e+04, 6.174563898060e-03
BMC, G3_circuit, 1585478, 7660826, ABMC, 32, 2, 1, 32, 5, 3.970650511660e+06, 2.396297037496e+04, 6.035023808969e-03
BMC, G3_circuit, 1585478, 7660826, ABMC, 32, 2, 2, 32, 5, 3.970650511657e+06, 2.399612709751e+04, 6.043374259975e-03
BMC, G3_circuit, 1585478, 7660826, ABMC, 32, 2, 3, 32, 5, 3.970650511645e+06, 2.403734264696e+04, 6.053754309644e-03
BMC, G3_circuit, 1585478, 7660826, ABMC, 32, 3, 1, 32, 9, 3.970650511657e+06, 2.380656281840e+04, 5.995632894033e-03
BMC, G3_circuit, 1585478, 7660826, ABMC, 32, 3, 2, 32, 9, 3.970650511648e+06, 2.380814436723e+04, 5.996031203802e-03
BMC, G3_circuit, 1585478, 7660826, ABMC, 32, 3, 3, 32, 9, 3.970650511652e+06, 2.380737339426e+04, 5.995837035869e-03
BMC, G3_circuit, 1585478, 7660826, ABMC, 64, 1, 1, 64, 9, 3.970650511651e+06, 2.494058807454e+04, 6.281234775349e-03
BMC, G3_circuit, 1585478, 7660826, ABMC, 64, 1, 2, 64, 9, 3.970650511651e+06, 2.494689025937e+04, 6.282821967377e-03
BMC, G3_circuit, 1585478, 7660826, ABMC, 64, 1, 3, 64, 9, 3.970650511654e+06, 2.497425327353e+04, 6.289713285071e-03
BMC, G3_circuit, 1585478, 7660826, ABMC, 64, 2, 1, 64, 8, 3.970650511645e+06, 2.413187325754e+04, 6.077561645571e-03
BMC, G3_circuit, 1585478, 7660826, ABMC, 64, 2, 2, 64, 8, 3.970650511642e+06, 2.398035078504e+04, 6.039401028805e-03
BMC, G3_circuit, 1585478, 7660826, ABMC, 64, 2, 3, 64, 8, 3.970650511656e+06, 2.413863003553e+04, 6.079263325913e-03
BMC, G3_circuit, 1585478, 7660826, ABMC, 64, 3, 1, 64, 10, 3.970650511653e+06, 2.383573830685e+04, 6.002980679589e-03
BMC, G3_circuit, 1585478, 7660826, ABMC, 64, 3, 2, 64, 10, 3.970650511652e+06, 2.382777539145e+04, 6.000975236055e-03
BMC, G3_circuit, 1585478, 7660826, ABMC, 64, 3, 3, 64, 10, 3.970650511654e+06, 2.383790799975e+04, 6.003527112192e-03
BMC, G3_circuit, 1585478, 7660826, ABMC, 128, 1, 1, 128, 10, 3.970650511656e+06, 2.559182438154e+04, 6.445247272813e-03
BMC, G3_circuit, 1585478, 7660826, ABMC, 128, 1, 2, 128, 11, 3.970650511649e+06, 2.549942989934e+04, 6.421977916347e-03
BMC, G3_circuit, 1585478, 7660826, ABMC, 128, 1, 3, 128, 10, 3.970650511658e+06, 2.558735225402e+04, 6.444120976875e-03
BMC, G3_circuit, 1585478, 7660826, ABMC, 128, 2, 1, 128, 16, 3.970650511647e+06, 2.446782013687e+04, 6.162169162231e-03
BMC, G3_circuit, 1585478, 7660826, ABMC, 128, 2, 2, 128, 16, 3.970650511649e+06, 2.424312208213e+04, 6.105579428612e-03
BMC, G3_circuit, 1585478, 7660826, ABMC, 128, 2, 3, 128, 16, 3.970650511648e+06, 2.465891931907e+04, 6.210297090295e-03
BMC, G3_circuit, 1585478, 7660826, ABMC, 128, 3, 1, 128, 11, 3.970650511651e+06, 2.388893401447e+04, 6.016377906937e-03
BMC, G3_circuit, 1585478, 7660826, ABMC, 128, 3, 2, 128, 11, 3.970650511654e+06, 2.388449843657e+04, 6.015260815946e-03
BMC, G3_circuit, 1585478, 7660826, ABMC, 128, 3, 3, 128, 11, 3.970650511653e+06, 2.389597510753e+04, 6.018151191449e-03
BMC, G3_circuit, 1585478, 7660826, ABMC, 256, 1, 1, 256, 10, 3.970650511647e+06, 2.612634561524e+04, 6.579865323984e-03
BMC, G3_circuit, 1585478, 7660826, ABMC, 256, 1, 2, 256, 11, 3.970650511654e+06, 2.602130541138e+04, 6.553411169029e-03
BMC, G3_circuit, 1585478, 7660826, ABMC, 256, 1, 3, 256, 10, 3.970650511653e+06, 2.606548814322e+04, 6.564538497338e-03
BMC, G3_circuit, 1585478, 7660826, ABMC, 256, 2, 1, 256, 29, 3.970650511655e+06, 2.519501881100e+04, 6.345312622466e-03
BMC, G3_circuit, 1585478, 7660826, ABMC, 256, 2, 2, 256, 29, 3.970650511657e+06, 2.460182209549e+04, 6.195917274325e-03
BMC, G3_circuit, 1585478, 7660826, ABMC, 256, 2, 3, 256, 29, 3.970650511660e+06, 2.523531970941e+04, 6.355462319159e-03
BMC, G3_circuit, 1585478, 7660826, ABMC, 256, 3, 1, 256, 12, 3.970650511656e+06, 2.402533090563e+04, 6.050729177776e-03
BMC, G3_circuit, 1585478, 7660826, ABMC, 256, 3, 2, 256, 13, 3.970650511649e+06, 2.401355597317e+04, 6.047763685753e-03
BMC, G3_circuit, 1585478, 7660826, ABMC, 256, 3, 3, 256, 12, 3.970650511650e+06, 2.402124466163e+04, 6.049700065808e-03
BMC, G3_circuit, 1585478, 7660826, ABMC, 512, 1, 1, 512, 10, 3.970650511646e+06, 2.645303422984e+04, 6.662141166100e-03
BMC, G3_circuit, 1585478, 7660826, ABMC, 512, 1, 2, 512, 13, 3.970650511653e+06, 2.625079784152e+04, 6.611208356031e-03
BMC, G3_circuit, 1585478, 7660826, ABMC, 512, 1, 3, 512, 10, 3.970650511648e+06, 2.638031012703e+04, 6.643825753398e-03
BMC, G3_circuit, 1585478, 7660826, ABMC, 512, 2, 1, 512, 58, 3.970650511654e+06, 2.625025771332e+04, 6.611072325875e-03
BMC, G3_circuit, 1585478, 7660826, ABMC, 512, 2, 2, 512, 56, 3.970650511655e+06, 2.575497337879e+04, 6.486336005445e-03
BMC, G3_circuit, 1585478, 7660826, ABMC, 512, 2, 3, 512, 58, 3.970650511646e+06, 2.638545129363e+04, 6.645120545424e-03
BMC, G3_circuit, 1585478, 7660826, ABMC, 512, 3, 1, 512, 10, 3.970650511652e+06, 2.429454933033e+04, 6.118531273160e-03
BMC, G3_circuit, 1585478, 7660826, ABMC, 512, 3, 2, 512, 11, 3.970650511654e+06, 2.431649726949e+04, 6.124058815581e-03
BMC, G3_circuit, 1585478, 7660826, ABMC, 512, 3, 3, 512, 10, 3.970650511654e+06, 2.429257136620e+04, 6.118033127041e-03
BMC, G3_circuit, 1585478, 7660826, ABMC, 1024, 1, 1, 1024, 11, 3.970650511653e+06, 2.706789467810e+04, 6.816992479863e-03
BMC, G3_circuit, 1585478, 7660826, ABMC, 1024, 1, 2, 1024, 13, 3.970650511651e+06, 2.690843353938e+04, 6.776832526665e-03
BMC, G3_circuit, 1585478, 7660826, ABMC, 1024, 1, 3, 1024, 11, 3.970650511653e+06, 2.674648813075e+04, 6.736046915297e-03
BMC, G3_circuit, 1585478, 7660826, ABMC, 1024, 2, 1, 1024, 114, 3.970650511658e+06, 2.592344800863e+04, 6.528765987467e-03
BMC, G3_circuit, 1585478, 7660826, ABMC, 1024, 2, 2, 1024, 111, 3.970650511661e+06, 2.550455662988e+04, 6.423269072657e-03
BMC, G3_circuit, 1585478, 7660826, ABMC, 1024, 2, 3, 1024, 114, 3.970650511656e+06, 2.568433255677e+04, 6.468545262639e-03
BMC, G3_circuit, 1585478, 7660826, ABMC, 1024, 3, 1, 1024, 10, 3.970650511656e+06, 2.487164830843e+04, 6.263872439897e-03
BMC, G3_circuit, 1585478, 7660826, ABMC, 1024, 3, 2, 1024, 11, 3.970650511659e+06, 2.493430826755e+04, 6.279653219123e-03
BMC, G3_circuit, 1585478, 7660826, ABMC, 1024, 3, 3, 1024, 10, 3.970650511654e+06, 2.491996937142e+04, 6.276041998227e-03
BMC, Geo_1438, 1437960, 60236322, ABMC, 32, 1, 1, 32, 7, 4.425918818511e+14, 3.426976543321e+13, 7.742971988072e-02
BMC, Geo_1438, 1437960, 60236322, ABMC, 32, 1, 2, 32, 7, 4.425918818511e+14, 3.431610767701e+13, 7.753442637377e-02
BMC, Geo_1438, 1437960, 60236322, ABMC, 32, 1, 3, 32, 7, 4.425918818510e+14, 3.416384557290e+13, 7.719040265722e-02
BMC, Geo_1438, 1437960, 60236322, ABMC, 32, 2, 1, 32, 9, 4.425918818510e+14, 3.516714102176e+13, 7.945726630747e-02
BMC, Geo_1438, 1437960, 60236322, ABMC, 32, 2, 2, 32, 9, 4.425918818510e+14, 3.521198572001e+13, 7.955858921937e-02
BMC, Geo_1438, 1437960, 60236322, ABMC, 32, 2, 3, 32, 9, 4.425918818510e+14, 3.514753385346e+13, 7.941296552134e-02
BMC, Geo_1438, 1437960, 60236322, ABMC, 32, 3, 1, 32, 14, 4.425918818509e+14, 3.382627798065e+13, 7.642769641231e-02
BMC, Geo_1438, 1437960, 60236322, ABMC, 32, 3, 2, 32, 14, 4.425918818509e+14, 3.377230062987e+13, 7.630573902222e-02
BMC, Geo_1438, 1437960, 60236322, ABMC, 32, 3, 3, 32, 14, 4.425918818515e+14, 3.330357945295e+13, 7.524670202632e-02
BMC, Geo_1438, 1437960, 60236322, ABMC, 64, 1, 1, 64, 8, 4.425918818511e+14, 3.522376372749e+13, 7.958520065973e-02
BMC, Geo_1438, 1437960, 60236322, ABMC, 64, 1, 2, 64, 8, 4.425918818510e+14, 3.432998275909e+13, 7.756577598196e-02
BMC, Geo_1438, 1437960, 60236322, ABMC, 64, 1, 3, 64, 8, 4.425918818511e+14, 3.497280520497e+13, 7.901818049326e-02
BMC, Geo_1438, 1437960, 60236322, ABMC, 64, 2, 1, 64, 9, 4.425918818510e+14, 3.560933311160e+13, 8.045636301027e-02
BMC, Geo_1438, 1437960, 60236322, ABMC, 64, 2, 2, 64, 10, 4.425918818510e+14, 3.578313565526e+13, 8.084905558053e-02
BMC, Geo_1438, 1437960, 60236322, ABMC, 64, 2, 3, 64, 9, 4.425918818512e+14, 3.576739905452e+13, 8.081350002381e-02
BMC, Geo_1438, 1437960, 60236322, ABMC, 64, 3, 1, 64, 17, 4.425918818501e+14, 3.396673198665e+13, 7.674504070130e-02
BMC, Geo_1438, 1437960, 60236322, ABMC, 64, 3, 2, 64, 18, 4.425918818505e+14, 3.374760576120e+13, 7.624994299512e-02
BMC, Geo_1438, 1437960, 60236322, ABMC, 64, 3, 3, 64, 17, 4.425918818500e+14, 3.401119063922e+13, 7.684549137470e-02
BMC, Geo_1438, 1437960, 60236322, ABMC, 128, 1, 1, 128, 8, 4.425918818512e+14, 3.556349379873e+13, 8.035279284831e-02
BMC, Geo_1438, 1437960, 60236322, ABMC, 128, 1, 2, 128, 10, 4.425918818511e+14, 3.561604750354e+13, 8.047153362727e-02
BMC, Geo_1438, 1437960, 60236322, ABMC, 128, 1, 3, 128, 8, 4.425918818512e+14, 3.557130785476e+13, 8.037044806603e-02
BMC, Geo_1438, 1437960, 60236322, ABMC, 128, 2, 1, 128, 10, 4.425918818509e+14, 3.661422519747e+13, 8.272683413068e-02
BMC, Geo_1438, 1437960, 60236322, ABMC, 128, 2, 2, 128, 10, 4.425918818510e+14, 3.700192524935e+13, 8.360281054999e-02
BMC, Geo_1438, 1437960, 60236322, ABMC, 128, 2, 3, 128, 10, 4.425918818510e+14, 3.674121415889e+13, 8.301375525740e-02
BMC, Geo_1438, 1437960, 60236322, ABMC, 128, 3, 1, 128, 27, 4.425918818510e+14, 3.390786582448e+13, 7.661203744332e-02
BMC, Geo_1438, 1437960, 60236322, ABMC, 128, 3, 2, 128, 27, 4.425918818506e+14, 3.426362621478e+13, 7.741584882109e-02
BMC, Geo_1438, 1437960, 60236322, ABMC, 128, 3, 3, 128, 27, 4.425918818511e+14, 3.398040029048e+13, 7.677592311084e-02
BMC, Geo_1438, 1437960, 60236322, ABMC, 256, 1, 1, 256, 9, 4.425918818509e+14, 3.651520689196e+13, 8.250311040331e-02
BMC, Geo_1438, 1437960, 60236322, ABMC, 256, 1, 2, 256, 9, 4.425918818509e+14, 3.653549443044e+13, 8.254894842997e-02
BMC, Geo_1438, 1437960, 60236322, ABMC, 256, 1, 3, 256, 9, 4.425918818512e+14, 3.635824237986e+13, 8.214846198214e-02
BMC, Geo_1438, 1437960, 60236322, ABMC, 256, 2, 1, 256, 10, 4.425918818510e+14, 3.768176100188e+13, 8.513884358720e-02
BMC, Geo_1438, 1437960, 60236322, ABMC, 256, 2, 2, 256, 10, 4.425918818511e+14, 3.768943995060e+13, 8.515619354102e-02
BMC, Geo_1438, 1437960, 60236322, ABMC, 256, 2, 3, 256, 10, 4.425918818510e+14, 3.779975375164e+13, 8.540543851269e-02
BMC, Geo_1438, 1437960, 60236322, ABMC, 256, 3, 1, 256, 26, 4.425918818508e+14, 3.443581875035e+13, 7.780490371026e-02
BMC, Geo_1438, 1437960, 60236322, ABMC, 256, 3, 2, 256, 29, 4.425918818508e+14, 3.479354316352e+13, 7.861315263629e-02
BMC, Geo_1438, 1437960, 60236322, ABMC, 256, 3, 3, 256, 26, 4.425918818508e+14, 3.455931904592e+13, 7.808394248310e-02
BMC, Geo_1438, 1437960, 60236322, ABMC, 512, 1, 1, 512, 9, 4.425918818510e+14, 3.709957305798e+13, 8.382343775224e-02
BMC, Geo_1438, 1437960, 60236322, ABMC, 512, 1, 2, 512, 10, 4.425918818510e+14, 3.730039022926e+13, 8.427716765447e-02
BMC, Geo_1438, 1437960, 60236322, ABMC, 512, 1, 3, 512, 9, 4.425918818511e+14, 3.715831188038e+13, 8.395615329628e-02
BMC, Geo_1438, 1437960, 60236322, ABMC, 512, 2, 1, 512, 11, 4.425918818511e+14, 3.841329843892e+13, 8.679169233349e-02
BMC, Geo_1438, 1437960, 60236322, ABMC, 512, 2, 2, 512, 13, 4.425918818511e+14, 3.845105781970e+13, 8.687700655259e-02
BMC, Geo_1438, 1437960, 60236322, ABMC, 512, 2, 3, 512, 11, 4.425918818511e+14, 3.836314688710e+13, 8.667837902188e-02
BMC, Geo_1438, 1437960, 60236322, ABMC, 512, 3, 1, 512, 27, 4.425918818507e+14, 3.541971717368e+13, 8.002794137471e-02
BMC, Geo_1438, 1437960, 60236322, ABMC, 512, 3, 2, 512, 30, 4.425918818508e+14, 3.525879030197e+13, 7.966434032754e-02
BMC, Geo_1438, 1437960, 60236322, ABMC, 512, 3, 3, 512, 27, 4.425918818512e+14, 3.477854317447e+13, 7.857926139316e-02
BMC, Geo_1438, 1437960, 60236322, ABMC, 1024, 1, 1, 1024, 10, 4.425918818508e+14, 3.870767768330e+13, 8.745681805421e-02
BMC, Geo_1438, 1437960, 60236322, ABMC, 1024, 1, 2, 1024, 11, 4.425918818510e+14, 3.804326909055e+13, 8.595564141719e-02
BMC, Geo_1438, 1437960, 60236322, ABMC, 1024, 1, 3, 1024, 10, 4.425918818511e+14, 3.859812901946e+13, 8.720930184717e-02
BMC, Geo_1438, 1437960, 60236322, ABMC, 1024, 2, 1, 1024, 11, 4.425918818511e+14, 3.951682872130e+13, 8.928502835620e-02
BMC, Geo_1438, 1437960, 60236322, ABMC, 1024, 2, 2, 1024, 13, 4.425918818510e+14, 3.947035222321e+13, 8.918001852663e-02
BMC, Geo_1438, 1437960, 60236322, ABMC, 1024, 2, 3, 1024, 11, 4.425918818512e+14, 3.962075166854e+13, 8.951983371864e-02
BMC, Geo_1438, 1437960, 60236322, ABMC, 1024, 3, 1, 1024, 26, 4.425918818508e+14, 3.579068153311e+13, 8.086610487171e-02
BMC, Geo_1438, 1437960, 60236322, ABMC, 1024, 3, 2, 1024, 29, 4.425918818507e+14, 3.610226547341e+13, 8.157010318954e-02
BMC, Geo_1438, 1437960, 60236322, ABMC, 1024, 3, 3, 1024, 26, 4.425918818509e+14, 3.592535221987e+13, 8.117038222580e-02
BMC, Hook_1498, 1498023, 59374451, ABMC, 32, 1, 1, 32, 8, 4.820480225167e+07, 3.927865505852e+06, 8.148286731569e-02
BMC, Hook_1498, 1498023, 59374451, ABMC, 32, 1, 2, 32, 8, 4.820480225167e+07, 3.927917678620e+06, 8.148394963044e-02
BMC, Hook_1498, 1498023, 59374451, ABMC, 32, 1, 3, 32, 8, 4.820480225167e+07, 3.929548143251e+06, 8.151777332755e-02
BMC, Hook_1498, 1498023, 59374451, ABMC, 32, 2, 1, 32, 12, 4.820480225168e+07, 3.941023815933e+06, 8.175583410460e-02
BMC, Hook_1498, 1498023, 59374451, ABMC, 32, 2, 2, 32, 12, 4.820480225167e+07, 3.949679269031e+06, 8.193538993086e-02
BMC, Hook_1498, 1498023, 59374451, ABMC, 32, 2, 3, 32, 12, 4.820480225168e+07, 3.941692180356e+06, 8.176969920499e-02
BMC, Hook_1498, 1498023, 59374451, ABMC, 32, 3, 1, 32, 19, 4.820480225166e+07, 3.968521152752e+06, 8.232626143830e-02
BMC, Hook_1498, 1498023, 59374451, ABMC, 32, 3, 2, 32, 19, 4.820480225166e+07, 3.968521152752e+06, 8.232626143830e-02
BMC, Hook_1498, 1498023, 59374451, ABMC, 32, 3, 3, 32, 19, 4.820480225166e+07, 3.968521152752e+06, 8.232626143830e-02
BMC, Hook_1498, 1498023, 59374451, ABMC, 64, 1, 1, 64, 9, 4.820480225167e+07, 3.936408519452e+06, 8.166009060470e-02
BMC, Hook_1498, 1498023, 59374451, ABMC, 64, 1, 2, 64, 8, 4.820480225167e+07, 3.935350052877e+06, 8.163813290493e-02
BMC, Hook_1498, 1498023, 59374451, ABMC, 64, 1, 3, 64, 9, 4.820480225167e+07, 3.940716445042e+06, 8.174945775046e-02
BMC, Hook_1498, 1498023, 59374451, ABMC, 64, 2, 1, 64, 15, 4.820480225166e+07, 3.965257841677e+06, 8.225856463379e-02
BMC, Hook_1498, 1498023, 59374451, ABMC, 64, 2, 2, 64, 15, 4.820480225166e+07, 3.954383734060e+06, 8.203298321638e-02
BMC, Hook_1498, 1498023, 59374451, ABMC, 64, 2, 3, 64, 15, 4.820480225167e+07, 3.958952747097e+06, 8.212776657454e-02
BMC, Hook_1498, 1498023, 59374451, ABMC, 64, 3, 1, 64, 22, 4.820480225166e+07, 4.007019295801e+06, 8.312489852943e-02
BMC, Hook_1498, 1498023, 59374451, ABMC, 64, 3, 2, 64, 22, 4.820480225167e+07, 4.008475822683e+06, 8.315511391906e-02
BMC, Hook_1498, 1498023, 59374451, ABMC, 64, 3, 3, 64, 22, 4.820480225167e+07, 4.006479997116e+06, 8.311371087469e-02
BMC, Hook_1498, 1498023, 59374451, ABMC, 128, 1, 1, 128, 10, 4.820480225167e+07, 3.953531442385e+06, 8.201530257804e-02
BMC, Hook_1498, 1498023, 59374451, ABMC, 128, 1, 2, 128, 11, 4.820480225168e+07, 3.955448205810e+06, 8.205506549240e-02
BMC, Hook_1498, 1498023, 59374451, ABMC, 128, 1, 3, 128, 10, 4.820480225167e+07, 3.953995168196e+06, 8.202492248702e-02
BMC, Hook_1498, 1498023, 59374451, ABMC, 128, 2, 1, 128, 17, 4.820480225167e+07, 3.986301688130e+06, 8.269511546419e-02
BMC, Hook_1498, 1498023, 59374451, ABMC, 128, 2, 2, 128, 16, 4.820480225167e+07, 3.983982400092e+06, 8.264700224869e-02
BMC, Hook_1498, 1498023, 59374451, ABMC, 128, 2, 3, 128, 17, 4.820480225167e+07, 3.973895263852e+06, 8.243774641175e-02
BMC, Hook_1498, 1498023, 59374451, ABMC, 128, 3, 1, 128, 26, 4.820480225167e+07, 4.007739201792e+06, 8.313983285044e-02
BMC, Hook_1498, 1498023, 59374451, ABMC, 128, 3, 2, 128, 28, 4.820480225166e+07, 3.997411517221e+06, 8.292558688140e-02
BMC, Hook_1498, 1498023, 59374451, ABMC, 128, 3, 3, 128, 26, 4.820480225167e+07, 4.004663501353e+06, 8.307602799500e-02
BMC, Hook_1498, 1498023, 59374451, ABMC, 256, 1, 1, 256, 10, 4.820480225167e+07, 3.975060773509e+06, 8.246192470109e-02
BMC, Hook_1498, 1498023, 59374451, ABMC, 256, 1, 2, 256, 11, 4.820480225167e+07, 3.976938446599e+06, 8.250087669348e-02
BMC, Hook_1498, 1498023, 59374451, ABMC, 256, 1, 3, 256, 10, 4.820480225168e+07, 3.976799901847e+06, 8.249800260739e-02
BMC, Hook_1498, 1498023, 59374451, ABMC, 256, 2, 1, 256, 18, 4.820480225167e+07, 4.001859237604e+06, 8.301785404514e-02
BMC, Hook_1498, 1498023, 59374451, ABMC, 256, 2, 2, 256, 19, 4.820480225167e+07, 3.998319292845e+06, 8.294441852432e-02
BMC, Hook_1498, 1498023, 59374451, ABMC, 256, 2, 3, 256, 18, 4.820480225166e+07, 3.999284938309e+06, 8.296445066676e-02
BMC, Hook_1498, 1498023, 59374451, ABMC, 256, 3, 1, 256, 27, 4.820480225166e+07, 3.998964310563e+06, 8.295779930153e-02
BMC, Hook_1498, 1498023, 59374451, ABMC, 256, 3, 2, 256, 29, 4.820480225167e+07, 3.983391050223e+06, 8.263473480144e-02
BMC, Hook_1498, 1498023, 59374451, ABMC, 256, 3, 3, 256, 27, 4.820480225166e+07, 3.985240853740e+06, 8.267310864454e-02
BMC, Hook_1498, 1498023, 59374451, ABMC, 512, 1, 1, 512, 11, 4.820480225167e+07, 4.000608462280e+06, 8.299190693477e-02
BMC, Hook_1498, 1498023, 59374451, ABMC, 512, 1, 2, 512, 13, 4.820480225167e+07, 3.999970191696e+06, 8.297866612568e-02
BMC, Hook_1498, 1498023, 59374451, ABMC, 512, 1, 3, 512, 11, 4.820480225167e+07, 4.003888527577e+06, 8.305995130264e-02
BMC, Hook_1498, 1498023, 59374451, ABMC, 512, 2, 1, 512, 18, 4.820480225166e+07, 4.013191900357e+06, 8.325294810683e-02
BMC, Hook_1498, 1498023, 59374451, ABMC, 512, 2, 2, 512, 22, 4.820480225167e+07, 4.015592187467e+06, 8.330274163354e-02
BMC, Hook_1498, 1498023, 59374451, ABMC, 512, 2, 3, 512, 18, 4.820480225167e+07, 4.017201085508e+06, 8.333611793561e-02
BMC, Hook_1498, 1498023, 59374451, ABMC, 512, 3, 1, 512, 26, 4.820480225167e+07, 4.014499543486e+06, 8.328007492961e-02
BMC, Hook_1498, 1498023, 59374451, ABMC, 512, 3, 2, 512, 30, 4.820480225167e+07, 4.009144663213e+06, 8.316898889622e-02
BMC, Hook_1498, 1498023, 59374451, ABMC, 512, 3, 3, 512, 26, 4.820480225167e+07, 4.001448036338e+06, 8.300932374843e-02
BMC, Hook_1498, 1498023, 59374451, ABMC, 1024, 1, 1, 1024, 11, 4.820480225167e+07, 4.040583381533e+06, 8.382117948411e-02
BMC, Hook_1498, 1498023, 59374451, ABMC, 1024, 1, 2, 1024, 13, 4.820480225167e+07, 4.040564387752e+06, 8.382078546152e-02
BMC, Hook_1498, 1498023, 59374451, ABMC, 1024, 1, 3, 1024, 11, 4.820480225167e+07, 4.044040001243e+06, 8.389288644169e-02
BMC, Hook_1498, 1498023, 59374451, ABMC, 1024, 2, 1, 1024, 19, 4.820480225167e+07, 4.041662603609e+06, 8.384356775302e-02
BMC, Hook_1498, 1498023, 59374451, ABMC, 1024, 2, 2, 1024, 22, 4.820480225167e+07, 4.040720904437e+06, 8.382403237216e-02
BMC, Hook_1498, 1498023, 59374451, ABMC, 1024, 2, 3, 1024, 19, 4.820480225166e+07, 4.034337323382e+06, 8.369160612506e-02
BMC, Hook_1498, 1498023, 59374451, ABMC, 1024, 3, 1, 1024, 25, 4.820480225166e+07, 4.029314506517e+06, 8.358740868765e-02
BMC, Hook_1498, 1498023, 59374451, ABMC, 1024, 3, 2, 1024, 29, 4.820480225167e+07, 4.028887666708e+06, 8.357855397215e-02
BMC, Hook_1498, 1498023, 59374451, ABMC, 1024, 3, 3, 1024, 25, 4.820480225167e+07, 4.002390363883e+06, 8.302887216479e-02
BMC, thermal2, 1228045, 8580313, ABMC, 32, 1, 1, 32, 4, 4.657354734334e+03, 4.525000767243e+02, 9.715817294063e-02
BMC, thermal2, 1228045, 8580313, ABMC, 32, 1, 2, 32, 4, 4.657354734334e+03, 4.524941464310e+02, 9.715689962270e-02
BMC, thermal2, 1228045, 8580313, ABMC, 32, 1, 3, 32, 4, 4.657354734334e+03, 4.524890351046e+02, 9.715580214856e-02
BMC, thermal2, 1228045, 8580313, ABMC, 32, 2, 1, 32, 6, 4.657354734334e+03, 4.520114517931e+02, 9.705325824998e-02
BMC, thermal2, 1228045, 8580313, ABMC, 32, 2, 2, 32, 7, 4.657354734334e+03, 4.519402427634e+02, 9.703796866314e-02
BMC, thermal2, 1228045, 8580313, ABMC, 32, 2, 3, 32, 6, 4.657354734334e+03, 4.520385960319e+02, 9.705908650237e-02
BMC, thermal2, 1228045, 8580313, ABMC, 32, 3, 1, 32, 8, 4.657354734334e+03, 4.522520283481e+02, 9.710491344240e-02
BMC, thermal2, 1228045, 8580313, ABMC, 32, 3, 2, 32, 8, 4.657354734334e+03, 4.521998123226e+02, 9.709370192247e-02
BMC, thermal2, 1228045, 8580313, ABMC, 32, 3, 3, 32, 8, 4.657354734334e+03, 4.522339015620e+02, 9.710102136480e-02
BMC, thermal2, 1228045, 8580313, ABMC, 64, 1, 1, 64, 5, 4.657354734334e+03, 4.523051799232e+02, 9.711632583811e-02
BMC, thermal2, 1228045, 8580313, ABMC, 64, 1, 2, 64, 5, 4.657354734334e+03, 4.523324361222e+02, 9.712217812991e-02
BMC, thermal2, 1228045, 8580313, ABMC, 64, 1, 3, 64, 5, 4.657354734334e+03, 4.522847429704e+02, 9.711193773499e-02
BMC, thermal2, 1228045, 8580313, ABMC, 64, 2, 1, 64, 7, 4.657354734334e+03, 4.514552315101e+02, 9.693382988028e-02
BMC, thermal2, 1228045, 8580313, ABMC, 64, 2, 2, 64, 8, 4.657354734334e+03, 4.515403604690e+02, 9.695210827302e-02
BMC, thermal2, 1228045, 8580313, ABMC, 64, 2, 3, 64, 7, 4.657354734334e+03, 4.514545212081e+02, 9.693367736839e-02
BMC, thermal2, 1228045, 8580313, ABMC, 64, 3, 1, 64, 9, 4.657354734334e+03, 4.519996174120e+02, 9.705071724080e-02
BMC, thermal2, 1228045, 8580313, ABMC, 64, 3, 2, 64, 9, 4.657354734334e+03, 4.519868767003e+02, 9.704798162962e-02
BMC, thermal2, 1228045, 8580313, ABMC, 64, 3, 3, 64, 9, 4.657354734334e+03, 4.519950478386e+02, 9.704973608871e-02
BMC, thermal2, 1228045, 8580313, ABMC, 128, 1, 1, 128, 6, 4.657354734334e+03, 4.521625694105e+02, 9.708570534195e-02
BMC, thermal2, 1228045, 8580313, ABMC, 128, 1, 2, 128, 6, 4.657354734334e+03, 4.521259504408e+02, 9.707784273071e-02
BMC, thermal2, 1228045, 8580313, ABMC, 128, 1, 3, 128, 6, 4.657354734334e+03, 4.521337824232e+02, 9.707952436821e-02
BMC, thermal2, 1228045, 8580313, ABMC, 128, 2, 1, 128, 7, 4.657354734334e+03, 4.510171043391e+02, 9.683975777371e-02
BMC, thermal2, 1228045, 8580313, ABMC, 128, 2, 2, 128, 8, 4.657354734334e+03, 4.509546697920e+02, 9.682635219250e-02
BMC, thermal2, 1228045, 8580313, ABMC, 128, 2, 3, 128, 7, 4.657354734334e+03, 4.509696269706e+02, 9.682956371051e-02
BMC, thermal2, 1228045, 8580313, ABMC, 128, 3, 1, 128, 9, 4.657354734334e+03, 4.517948793238e+02, 9.700675707461e-02
BMC, thermal2, 1228045, 8580313, ABMC, 128, 3, 2, 128, 9, 4.657354734334e+03, 4.517331505213e+02, 9.699350302675e-02
BMC, thermal2, 1228045, 8580313, ABMC, 128, 3, 3, 128, 9, 4.657354734334e+03, 4.517869763282e+02, 9.700506018955e-02
BMC, thermal2, 1228045, 8580313, ABMC, 256, 1, 1, 256, 6, 4.657354734334e+03, 4.517524826725e+02, 9.699765391333e-02
BMC, thermal2, 1228045, 8580313, ABMC, 256, 1, 2, 256, 6, 4.657354734334e+03, 4.517579710808e+02, 9.699883235228e-02
BMC, thermal2, 1228045, 8580313, ABMC, 256, 1, 3, 256, 6, 4.657354734334e+03, 4.517162464900e+02, 9.698987349190e-02
BMC, thermal2, 1228045, 8580313, ABMC, 256, 2, 1, 256, 8, 4.657354734334e+03, 4.503992819483e+02, 9.670710255930e-02
BMC, thermal2, 1228045, 8580313, ABMC, 256, 2, 2, 256, 9, 4.657354734334e+03, 4.504437501000e+02, 9.671665050105e-02
BMC, thermal2, 1228045, 8580313, ABMC, 256, 2, 3, 256, 8, 4.657354734334e+03, 4.505180875287e+02, 9.673261179945e-02
BMC, thermal2, 1228045, 8580313, ABMC, 256, 3, 1, 256, 9, 4.657354734334e+03, 4.514803836304e+02, 9.693923039661e-02
BMC, thermal2, 1228045, 8580313, ABMC, 256, 3, 2, 256, 10, 4.657354734334e+03, 4.514349783218e+02, 9.692948123402e-02
BMC, thermal2, 1228045, 8580313, ABMC, 256, 3, 3, 256, 9, 4.657354734334e+03, 4.514749556752e+02, 9.693806493779e-02
BMC, thermal2, 1228045, 8580313, ABMC, 512, 1, 1, 512, 6, 4.657354734334e+03, 4.513235828325e+02, 9.690556304535e-02
BMC, thermal2, 1228045, 8580313, ABMC, 512, 1, 2, 512, 6, 4.657354734334e+03, 4.512814613632e+02, 9.689651896953e-02
BMC, thermal2, 1228045, 8580313, ABMC, 512, 1, 3, 512, 6, 4.657354734334e+03, 4.512987692927e+02, 9.690023522702e-02
BMC, thermal2, 1228045, 8580313, ABMC, 512, 2, 1, 512, 8, 4.657354734334e+03, 4.497717553960e+02, 9.657236372405e-02
BMC, thermal2, 1228045, 8580313, ABMC, 512, 2, 2, 512, 9, 4.657354734334e+03, 4.497722296087e+02, 9.657246554422e-02
BMC, thermal2, 1228045, 8580313, ABMC, 512, 2, 3, 512, 8, 4.657354734334e+03, 4.497884435989e+02, 9.657594691749e-02
BMC, thermal2, 1228045, 8580313, ABMC, 512, 3, 1, 512, 8, 4.657354734334e+03, 4.511199542355e+02, 9.686184110259e-02
BMC, thermal2, 1228045, 8580313, ABMC, 512, 3, 2, 512, 9, 4.657354734334e+03, 4.510626838265e+02, 9.684954433495e-02
BMC, thermal2, 1228045, 8580313, ABMC, 512, 3, 3, 512, 8, 4.657354734334e+03, 4.510902947395e+02, 9.685547278888e-02
BMC, thermal2, 1228045, 8580313, ABMC, 1024, 1, 1, 1024, 6, 4.657354734334e+03, 4.506923692793e+02, 9.677003255878e-02
BMC, thermal2, 1228045, 8580313, ABMC, 1024, 1, 2, 1024, 7, 4.657354734334e+03, 4.507184684004e+02, 9.677563640960e-02
BMC, thermal2, 1228045, 8580313, ABMC, 1024, 1, 3, 1024, 6, 4.657354734334e+03, 4.506469679532e+02, 9.676028425127e-02
BMC, thermal2, 1228045, 8580313, ABMC, 1024, 2, 1, 1024, 8, 4.657354734334e+03, 4.489454291216e+02, 9.639493977385e-02
BMC, thermal2, 1228045, 8580313, ABMC, 1024, 2, 2, 1024, 9, 4.657354734334e+03, 4.487851837267e+02, 9.636053281883e-02
BMC, thermal2, 1228045, 8580313, ABMC, 1024, 2, 3, 1024, 8, 4.657354734334e+03, 4.488407394919e+02, 9.637246142817e-02
BMC, thermal2, 1228045, 8580313, ABMC, 1024, 3, 1, 1024, 8, 4.657354734334e+03, 4.504802544347e+02, 9.672448849855e-02
BMC, thermal2, 1228045, 8580313, ABMC, 1024, 3, 2, 1024, 9, 4.657354734334e+03, 4.504155237969e+02, 9.671058991415e-02
BMC, thermal2, 1228045, 8580313, ABMC, 1024, 3, 3, 1024, 8, 4.657354734334e+03, 4.503846501001e+02, 9.670396089435e-02
BMC, tmt_sym, 726713, 5080961, ABMC, 32, 1, 1, 32, 4, 3.807206499221e+03, 2.791871834022e+02, 7.333124259461e-02
BMC, tmt_sym, 726713, 5080961, ABMC, 32, 1, 2, 32, 4, 3.807206499221e+03, 2.793552715601e+02, 7.337539259224e-02
BMC, tmt_sym, 726713, 5080961, ABMC, 32, 1, 3, 32, 4, 3.807206499221e+03, 2.792568167974e+02, 7.334953248648e-02
BMC, tmt_sym, 726713, 5080961, ABMC, 32, 2, 1, 32, 5, 3.807206499221e+03, 2.796689521937e+02, 7.345778387668e-02
BMC, tmt_sym, 726713, 5080961, ABMC, 32, 2, 2, 32, 4, 3.807206499221e+03, 2.796545626732e+02, 7.345400432848e-02
BMC, tmt_sym, 726713, 5080961, ABMC, 32, 2, 3, 32, 5, 3.807206499221e+03, 2.797926583089e+02, 7.349027649699e-02
BMC, tmt_sym, 726713, 5080961, ABMC, 32, 3, 1, 32, 5, 3.807206499221e+03, 2.789827973186e+02, 7.327755859201e-02
BMC, tmt_sym, 726713, 5080961, ABMC, 32, 3, 2, 32, 6, 3.807206499221e+03, 2.789998994316e+02, 7.328205062915e-02
BMC, tmt_sym, 726713, 5080961, ABMC, 32, 3, 3, 32, 5, 3.807206499221e+03, 2.790472878957e+02, 7.329449767244e-02
BMC, tmt_sym, 726713, 5080961, ABMC, 64, 1, 1, 64, 5, 3.807206499221e+03, 2.798695600427e+02, 7.351047548904e-02
BMC, tmt_sym, 726713, 5080961, ABMC, 64, 1, 2, 64, 6, 3.807206499221e+03, 2.798080610779e+02, 7.349432218481e-02
BMC, tmt_sym, 726713, 5080961, ABMC, 64, 1, 3, 64, 5, 3.807206499221e+03, 2.799397719267e+02, 7.352891732665e-02
BMC, tmt_sym, 726713, 5080961, ABMC, 64, 2, 1, 64, 5, 3.807206499221e+03, 2.803581103579e+02, 7.363879800458e-02
BMC, tmt_sym, 726713, 5080961, ABMC, 64, 2, 2, 64, 5, 3.807206499221e+03, 2.803179564394e+02, 7.362825118540e-02
BMC, tmt_sym, 726713, 5080961, ABMC, 64, 2, 3, 64, 5, 3.807206499221e+03, 2.803185552452e+02, 7.362840846762e-02
BMC, tmt_sym, 726713, 5080961, ABMC, 64, 3, 1, 64, 6, 3.807206499221e+03, 2.795740582863e+02, 7.343285906439e-02
BMC, tmt_sym, 726713, 5080961, ABMC, 64, 3, 2, 64, 6, 3.807206499221e+03, 2.795166480128e+02, 7.341777969490e-02
BMC, tmt_sym, 726713, 5080961, ABMC, 64, 3, 3, 64, 6, 3.807206499221e+03, 2.795563922618e+02, 7.342821891037e-02
BMC, tmt_sym, 726713, 5080961, ABMC, 128, 1, 1, 128, 5, 3.807206499221e+03, 2.807132328573e+02, 7.373207440014e-02
BMC, tmt_sym, 726713, 5080961, ABMC, 128, 1, 2, 128, 6, 3.807206499221e+03, 2.807326191652e+02, 7.373716640340e-02
BMC, tmt_sym, 726713, 5080961, ABMC, 128, 1, 3, 128, 5, 3.807206499221e+03, 2.807719054139e+02, 7.374748532063e-02
BMC, tmt_sym, 726713, 5080961, ABMC, 128, 2, 1, 128, 5, 3.807206499221e+03, 2.812942039269e+02, 7.388467213021e-02
BMC, tmt_sym, 726713, 5080961, ABMC, 128, 2, 2, 128, 6, 3.807206499221e+03, 2.813463084420e+02, 7.389835789036e-02
BMC, tmt_sym, 726713, 5080961, ABMC, 128, 2, 3, 128, 5, 3.807206499221e+03, 2.813669712436e+02, 7.390378517719e-02
BMC, tmt_sym, 726713, 5080961, ABMC, 128, 3, 1, 128, 6, 3.807206499221e+03, 2.801838578384e+02, 7.359302887714e-02
BMC, tmt_sym, 726713, 5080961, ABMC, 128, 3, 2, 128, 6, 3.807206499221e+03, 2.802136213610e+02, 7.360084655728e-02
BMC, tmt_sym, 726713, 5080961, ABMC, 128, 3, 3, 128, 6, 3.807206499221e+03, 2.802075919360e+02, 7.359926286987e-02
BMC, tmt_sym, 726713, 5080961, ABMC, 256, 1, 1, 256, 5, 3.807206499221e+03, 2.821550426367e+02, 7.411077983148e-02
BMC, tmt_sym, 726713, 5080961, ABMC, 256, 1, 2, 256, 6, 3.807206499221e+03, 2.818666409175e+02, 7.403502830097e-02
BMC, tmt_sym, 726713, 5080961, ABMC, 256, 1, 3, 256, 5, 3.807206499221e+03, 2.818955112608e+02, 7.404261137883e-02
BMC, tmt_sym, 726713, 5080961, ABMC, 256, 2, 1, 256, 6, 3.807206499221e+03, 2.827192232890e+02, 7.425896739429e-02
BMC, tmt_sym, 726713, 5080961, ABMC, 256, 2, 2, 256, 6, 3.807206499221e+03, 2.826121829216e+02, 7.423085219554e-02
BMC, tmt_sym, 726713, 5080961, ABMC, 256, 2, 3, 256, 6, 3.807206499221e+03, 2.826876333591e+02, 7.425066999043e-02
BMC, tmt_sym, 726713, 5080961, ABMC, 256, 3, 1, 256, 6, 3.807206499221e+03, 2.811617743158e+02, 7.384988819843e-02
BMC, tmt_sym, 726713, 5080961, ABMC, 256, 3, 2, 256, 7, 3.807206499221e+03, 2.812117011624e+02, 7.386300197268e-02
BMC, tmt_sym, 726713, 5080961, ABMC, 256, 3, 3, 256, 6, 3.807206499221e+03, 2.811937367780e+02, 7.385828345154e-02
BMC, tmt_sym, 726713, 5080961, ABMC, 512, 1, 1, 512, 6, 3.807206499221e+03, 2.840273811612e+02, 7.460256784582e-02
BMC, tmt_sym, 726713, 5080961, ABMC, 512, 1, 2, 512, 6, 3.807206499221e+03, 2.836843980010e+02, 7.451247996637e-02
BMC, tmt_sym, 726713, 5080961, ABMC, 512, 1, 3, 512, 6, 3.807206499221e+03, 2.836187763273e+02, 7.449524379235e-02
BMC, tmt_sym, 726713, 5080961, ABMC, 512, 2, 1, 512, 6, 3.807206499221e+03, 2.845508757894e+02, 7.474006882674e-02
BMC, tmt_sym, 726713, 5080961, ABMC, 512, 2, 2, 512, 7, 3.807206499221e+03, 2.846399161215e+02, 7.476345614029e-02
BMC, tmt_sym, 726713, 5080961, ABMC, 512, 2, 3, 512, 6, 3.807206499221e+03, 2.846961776933e+02, 7.477823379202e-02
BMC, tmt_sym, 726713, 5080961, ABMC, 512, 3, 1, 512, 6, 3.807206499221e+03, 2.824489184907e+02, 7.418796919696e-02
BMC, tmt_sym, 726713, 5080961, ABMC, 512, 3, 2, 512, 7, 3.807206499221e+03, 2.824699217449e+02, 7.419348590697e-02
BMC, tmt_sym, 726713, 5080961, ABMC, 512, 3, 3, 512, 6, 3.807206499221e+03, 2.825666960427e+02, 7.421890462219e-02
BMC, tmt_sym, 726713, 5080961, ABMC, 1024, 1, 1, 1024, 6, 3.807206499221e+03, 2.861013462881e+02, 7.514731505806e-02
BMC, tmt_sym, 726713, 5080961, ABMC, 1024, 1, 2, 1024, 6, 3.807206499221e+03, 2.860662994077e+02, 7.513810965238e-02
BMC, tmt_sym, 726713, 5080961, ABMC, 1024, 1, 3, 1024, 6, 3.807206499221e+03, 2.861151501686e+02, 7.515094078222e-02
BMC, tmt_sym, 726713, 5080961, ABMC, 1024, 2, 1, 1024, 6, 3.807206499221e+03, 2.872545443910e+02, 7.545021381155e-02
BMC, tmt_sym, 726713, 5080961, ABMC, 1024, 2, 2, 1024, 7, 3.807206499221e+03, 2.871448958880e+02, 7.542141356051e-02
BMC, tmt_sym, 726713, 5080961, ABMC, 1024, 2, 3, 1024, 6, 3.807206499221e+03, 2.871789225235e+02, 7.543035098891e-02
BMC, tmt_sym, 726713, 5080961, ABMC, 1024, 3, 1, 1024, 6, 3.807206499221e+03, 2.845356482167e+02, 7.473606915593e-02
BMC, tmt_sym, 726713, 5080961, ABMC, 1024, 3, 2, 1024, 7, 3.807206499221e+03, 2.845543297991e+02, 7.474097605615e-02
BMC, tmt_sym, 726713, 5080961, ABMC, 1024, 3, 3, 1024, 6, 3.807206499221e+03, 2.845104177152e+02, 7.472944211811e-02