BMC, af_shell3, 504855, 17562051, LeidenCP, 5.000000000000e-04, 1, 267, 5, 4.369283905388e+08, 3.524931346451e+07, 8.067526447764e-02
BMC, af_shell3, 504855, 17562051, LeidenCP, 5.000000000000e-04, 2, 267, 6, 4.369283905388e+08, 3.520851329354e+07, 8.058188494028e-02
BMC, af_shell3, 504855, 17562051, LeidenCP, 5.000000000000e-04, 3, 267, 5, 4.369283905388e+08, 3.525041972593e+07, 8.067779638320e-02
BMC, af_shell3, 504855, 17562051, LeidenCP, 7.500000000000e-04, 1, 358, 6, 4.369283905388e+08, 3.541280191948e+07, 8.104944125012e-02
BMC, af_shell3, 504855, 17562051, LeidenCP, 7.500000000000e-04, 2, 358, 6, 4.369283905388e+08, 3.535800637844e+07, 8.092403044545e-02
BMC, af_shell3, 504855, 17562051, LeidenCP, 7.500000000000e-04, 3, 358, 6, 4.369283905389e+08, 3.545028770546e+07, 8.113523513943e-02
BMC, af_shell3, 504855, 17562051, LeidenCP, 1.000000000000e-03, 1, 439, 6, 4.369283905388e+08, 3.546127877134e+07, 8.116039044203e-02
BMC, af_shell3, 504855, 17562051, LeidenCP, 1.000000000000e-03, 2, 439, 6, 4.369283905387e+08, 3.542080925481e+07, 8.106776767500e-02
BMC, af_shell3, 504855, 17562051, LeidenCP, 1.000000000000e-03, 3, 439, 6, 4.369283905388e+08, 3.551026623287e+07, 8.127250826864e-02
BMC, af_shell3, 504855, 17562051, LeidenCP, 1.250000000000e-03, 1, 506, 6, 4.369283905388e+08, 3.559298469738e+07, 8.146182639560e-02
BMC, af_shell3, 504855, 17562051, LeidenCP, 1.250000000000e-03, 2, 506, 6, 4.369283905388e+08, 3.565597830220e+07, 8.160600014624e-02
BMC, af_shell3, 504855, 17562051, LeidenCP, 1.250000000000e-03, 3, 506, 6, 4.369283905388e+08, 3.565699594009e+07, 8.160832921871e-02
BMC, af_shell3, 504855, 17562051, LeidenCP, 1.500000000000e-03, 1, 568, 6, 4.369283905388e+08, 3.574929254056e+07, 8.181956886911e-02
BMC, af_shell3, 504855, 17562051, LeidenCP, 1.500000000000e-03, 2, 568, 6, 4.369283905388e+08, 3.577093267576e+07, 8.186909674524e-02
BMC, af_shell3, 504855, 17562051, LeidenCP, 1.500000000000e-03, 3, 568, 6, 4.369283905388e+08, 3.572524351015e+07, 8.176452774355e-02
BMC, af_shell3, 504855, 17562051, LeidenCP, 2.000000000000e-03, 1, 701, 6, 4.369283905388e+08, 3.585990685549e+07, 8.207273235615e-02
BMC, af_shell3, 504855, 17562051, LeidenCP, 2.000000000000e-03, 2, 701, 6, 4.369283905388e+08, 3.587565925732e+07, 8.210878495005e-02
BMC, af_shell3, 504855, 17562051, LeidenCP, 2.000000000000e-03, 3, 701, 6, 4.369283905388e+08, 3.590556063383e+07, 8.217722036683e-02
BMC, ecology2, 999999, 4995991, LeidenCP, 5.000000000000e-04, 1, 3941, 6, 4.385128977902e+04, 4.159543791698e+03, 9.485567728245e-02
BMC, ecology2, 999999, 4995991, LeidenCP, 5.000000000000e-04, 2, 3941, 7, 4.385128977902e+04, 4.159869958342e+03, 9.486311529956e-02
BMC, ecology2, 999999, 4995991, LeidenCP, 5.000000000000e-04, 3, 3941, 6, 4.385128977902e+04, 4.160680617164e+03, 9.488160184411e-02
BMC, ecology2, 999999, 4995991, LeidenCP, 7.500000000000e-04, 1, 5227, 6, 4.385128977902e+04, 4.173145721995e+03, 9.516586041196e-02
BMC, ecology2, 999999, 4995991, LeidenCP, 7.500000000000e-04, 2, 5227, 7, 4.385128977902e+04, 4.173133475816e+03, 9.516558114586e-02
BMC, ecology2, 999999, 4995991, LeidenCP, 7.500000000000e-04, 3, 5227, 6, 4.385128977902e+04, 4.173778771811e+03, 9.518029669922e-02
BMC, ecology2, 999999, 4995991, LeidenCP, 1.000000000000e-03, 1, 6366, 6, 4.385128977902e+04, 4.185885548018e+03, 9.545638381703e-02
BMC, ecology2, 999999, 4995991, LeidenCP, 1.000000000000e-03, 2, 6366, 7, 4.385128977902e+04, 4.186819536912e+03, 9.547768282324e-02
BMC, ecology2, 999999, 4995991, LeidenCP, 1.000000000000e-03, 3, 6366, 6, 4.385128977902e+04, 4.187052397753e+03, 9.548299306252e-02
BMC, ecology2, 999999, 4995991, LeidenCP, 1.250000000000e-03, 1, 7370, 6, 4.385128977902e+04, 4.194356888048e+03, 9.564956718912e-02
BMC, ecology2, 999999, 4995991, LeidenCP, 1.250000000000e-03, 2, 7370, 7, 4.385128977902e+04, 4.194749507157e+03, 9.565852061127e-02
BMC, ecology2, 999999, 4995991, LeidenCP, 1.250000000000e-03, 3, 7370, 6, 4.385128977902e+04, 4.194329260247e+03, 9.564893715516e-02
BMC, ecology2, 999999, 4995991, LeidenCP, 1.500000000000e-03, 1, 8371, 6, 4.385128977902e+04, 4.204523828587e+03, 9.588141762248e-02
BMC, ecology2, 999999, 4995991, LeidenCP, 1.500000000000e-03, 2, 8371, 7, 4.385128977902e+04, 4.202954484526e+03, 9.584562975697e-02
BMC, ecology2, 999999, 4995991, LeidenCP, 1.500000000000e-03, 3, 8371, 6, 4.385128977902e+04, 4.204422083932e+03, 9.587909740213e-02
BMC, ecology2, 999999, 4995991, LeidenCP, 2.000000000000e-03, 1, 10134, 6, 4.385128977902e+04, 4.218260769385e+03, 9.619467957822e-02
BMC, ecology2, 999999, 4995991, LeidenCP, 2.000000000000e-03, 2, 10134, 7, 4.385128977902e+04, 4.216519684618e+03, 9.615497527816e-02
BMC, ecology2, 999999, 4995991, LeidenCP, 2.000000000000e-03, 3, 10134, 6, 4.385128977902e+04, 4.218149832101e+03, 9.619214972598e-02
BMC, Emilia_923, 923136, 40373538, LeidenCP, 5.000000000000e-04, 1, 253, 9, 8.436920801690e+15, 4.829766087555e+14, 5.724560181467e-02
BMC, Emilia_923, 923136, 40373538, LeidenCP, 5.000000000000e-04, 2, 253, 10, 8.436920801650e+15, 2.936844231744e+14, 3.480943226549e-02
BMC, Emilia_923, 923136, 40373538, LeidenCP, 5.000000000000e-04, 3, 253, 9, 8.436920801659e+15, 3.519654285274e+14, 4.171728487225e-02
BMC, Emilia_923, 923136, 40373538, LeidenCP, 7.500000000000e-04, 1, 356, 10, 8.436920801718e+15, 3.855049131174e+14, 4.569260778635e-02
BMC, Emilia_923, 923136, 40373538, LeidenCP, 7.500000000000e-04, 2, 356, 11, 8.436920801684e+15, 3.278123472624e+14, 3.885450094506e-02
BMC, Emilia_923, 923136, 40373538, LeidenCP, 7.500000000000e-04, 3, 356, 10, 8.436920801674e+15, 3.124489776060e+14, 3.703353213225e-02
BMC, Emilia_923, 923136, 40373538, LeidenCP, 1.000000000000e-03, 1, 448, 9, 8.436920801684e+15, 7.039464690373e+14, 8.343642018031e-02
BMC, Emilia_923, 923136, 40373538, LeidenCP, 1.000000000000e-03, 2, 448, 10, 8.436920801744e+15, 3.830101124790e+14, 4.539690741198e-02
BMC, Emilia_923, 923136, 40373538, LeidenCP, 1.000000000000e-03, 3, 448, 9, 8.436920801691e+15, 7.448787160284e+14, 8.828798249227e-02
BMC, Emilia_923, 923136, 40373538, LeidenCP, 1.250000000000e-03, 1, 532, 9, 8.436920801718e+15, 3.389938540617e+14, 4.017980754218e-02
BMC, Emilia_923, 923136, 40373538, LeidenCP, 1.250000000000e-03, 2, 532, 11, 8.436920801665e+15, 3.258878247147e+14, 3.862639372535e-02
BMC, Emilia_923, 923136, 40373538, LeidenCP, 1.250000000000e-03, 3, 532, 9, 8.436920801658e+15, 3.022052797781e+14, 3.581938089530e-02
BMC, Emilia_923, 923136, 40373538, LeidenCP, 1.500000000000e-03, 1, 627, 10, 8.436920801720e+15, 6.392133565239e+14, 7.576382089465e-02
BMC, Emilia_923, 923136, 40373538, LeidenCP, 1.500000000000e-03, 2, 627, 12, 8.436920801680e+15, 8.531714393480e+14, 1.011235567339e-01
BMC, Emilia_923, 923136, 40373538, LeidenCP, 1.500000000000e-03, 3, 627, 10, 8.436920801682e+15, 8.058253440419e+14, 9.551178243622e-02
BMC, Emilia_923, 923136, 40373538, LeidenCP, 2.000000000000e-03, 1, 794, 10, 8.436920801742e+15, 4.259957933977e+14, 5.049185637843e-02
BMC, Emilia_923, 923136, 40373538, LeidenCP, 2.000000000000e-03, 2, 794, 11, 8.436920801700e+15, 4.350478288698e+14, 5.156476386292e-02
BMC, Emilia_923, 923136, 40373538, LeidenCP, 2.000000000000e-03, 3, 794, 10, 8.436920801715e+15, 6.859085832330e+14, 8.129844991475e-02
BMC, G3_circuit, 1585478, 7660826, LeidenCP, 5.000000000000e-04, 1, 6065, 7, 3.970650511651e+06, 2.604347015718e+04, 6.558993313757e-03
BMC, G3_circuit, 1585478, 7660826, LeidenCP, 5.000000000000e-04, 2, 6065, 8, 3.970650511653e+06, 2.600582813502e+04, 6.549513249454e-03
BMC, G3_circuit, 1585478, 7660826, LeidenCP, 5.000000000000e-04, 3, 6065, 7, 3.970650511653e+06, 2.597947350674e+04, 6.542875891620e-03
BMC, G3_circuit, 1585478, 7660826, LeidenCP, 7.500000000000e-04, 1, 8020, 7, 3.970650511654e+06, 2.632371287177e+04, 6.629571853405e-03
BMC, G3_circuit, 1585478, 7660826, LeidenCP, 7.500000000000e-04, 2, 8020, 8, 3.970650511654e+06, 2.633052331020e+04, 6.631287048034e-03
BMC, G3_circuit, 1585478, 7660826, LeidenCP, 7.500000000000e-04, 3, 8020, 7, 3.970650511652e+06, 2.632609190993e+04, 6.630171009177e-03
BMC, G3_circuit, 1585478, 7660826, LeidenCP, 1.000000000000e-03, 1, 9777, 7, 3.970650511655e+06, 2.659513954999e+04, 6.697930092797e-03
BMC, G3_circuit, 1585478, 7660826, LeidenCP, 1.000000000000e-03, 2, 9777, 8, 3.970650511655e+06, 2.656156999034e+04, 6.689475669633e-03
BMC, G3_circuit, 1585478, 7660826, LeidenCP, 1.000000000000e-03, 3, 9777, 7, 3.970650511654e+06, 2.651376388062e+04, 6.677435801212e-03
BMC, G3_circuit, 1585478, 7660826, LeidenCP, 1.250000000000e-03, 1, 11363, 7, 3.970650511652e+06, 2.673775266689e+04, 6.733846907056e-03
BMC, G3_circuit, 1585478, 7660826, LeidenCP, 1.250000000000e-03, 2, 11363, 8, 3.970650511653e+06, 2.671223417093e+04, 6.727420127390e-03
BMC, G3_circuit, 1585478, 7660826, LeidenCP, 1.250000000000e-03, 3, 11363, 7, 3.970650511655e+06, 2.671457980095e+04, 6.728010869386e-03
BMC, G3_circuit, 1585478, 7660826, LeidenCP, 1.500000000000e-03, 1, 12828, 7, 3.970650511655e+06, 2.696306644702e+04, 6.790591709817e-03
BMC, G3_circuit, 1585478, 7660826, LeidenCP, 1.500000000000e-03, 2, 12828, 8, 3.970650511653e+06, 2.692187260244e+04, 6.780217126495e-03
BMC, G3_circuit, 1585478, 7660826, LeidenCP, 1.500000000000e-03, 3, 12828, 7, 3.970650511653e+06, 2.692185437724e+04, 6.780212536517e-03
BMC, G3_circuit, 1585478, 7660826, LeidenCP, 2.000000000000e-03, 1, 15681, 7, 3.970650511654e+06, 2.729760932062e+04, 6.874845630584e-03
BMC, G3_circuit, 1585478, 7660826, LeidenCP, 2.000000000000e-03, 2, 15681, 9, 3.970650511653e+06, 2.725012778876e+04, 6.862887506414e-03
BMC, G3_circuit, 1585478, 7660826, LeidenCP, 2.000000000000e-03, 3, 15681, 7, 3.970650511654e+06, 2.724499282014e+04, 6.861594275340e-03
BMC, Geo_1438, 1437960, 60236322, LeidenCP, 5.000000000000e-04, 1, 405, 9, 4.425918818510e+14, 3.594635084117e+13, 8.121782688565e-02
BMC, Geo_1438, 1437960, 60236322, LeidenCP, 5.000000000000e-04, 2, 405, 9, 4.425918818510e+14, 3.584162266780e+13, 8.098120218091e-02
BMC, Geo_1438, 1437960, 60236322, LeidenCP, 5.000000000000e-04, 3, 405, 9, 4.425918818510e+14, 3.599316469730e+13, 8.132359894802e-02
BMC, Geo_1438, 1437960, 60236322, LeidenCP, 7.500000000000e-04, 1, 581, 9, 4.425918818509e+14, 3.709069091491e+13, 8.380336927960e-02
BMC, Geo_1438, 1437960, 60236322, LeidenCP, 7.500000000000e-04, 2, 581, 9, 4.425918818509e+14, 3.724426604057e+13, 8.415035966049e-02
BMC, Geo_1438, 1437960, 60236322, LeidenCP, 7.500000000000e-04, 3, 581, 9, 4.425918818510e+14, 3.741513410691e+13, 8.453642202027e-02
BMC, Geo_1438, 1437960, 60236322, LeidenCP, 1.000000000000e-03, 1, 721, 8, 4.425918818510e+14, 3.802547745589e+13, 8.591544268019e-02
BMC, Geo_1438, 1437960, 60236322, LeidenCP, 1.000000000000e-03, 2, 721, 10, 4.425918818511e+14, 3.725373648305e+13, 8.417175734730e-02
BMC, Geo_1438, 1437960, 60236322, LeidenCP, 1.000000000000e-03, 3, 721, 8, 4.425918818511e+14, 3.728188036570e+13, 8.423534613825e-02
BMC, Geo_1438, 1437960, 60236322, LeidenCP, 1.250000000000e-03, 1, 853, 9, 4.425918818510e+14, 3.656266553927e+13, 8.261033931837e-02
BMC, Geo_1438, 1437960, 60236322, LeidenCP, 1.250000000000e-03, 2, 853, 11, 4.425918818510e+14, 3.694795914418e+13, 8.348087856843e-02
BMC, Geo_1438, 1437960, 60236322, LeidenCP, 1.250000000000e-03, 3, 853, 9, 4.425918818511e+14, 3.803971995966e+13, 8.594762244750e-02
BMC, Geo_1438, 1437960, 60236322, LeidenCP, 1.500000000000e-03, 1, 980, 9, 4.425918818509e+14, 3.670060306621e+13, 8.292199782952e-02
BMC, Geo_1438, 1437960, 60236322, LeidenCP, 1.500000000000e-03, 2, 980, 10, 4.425918818510e+14, 3.721584650713e+13, 8.408614805921e-02
BMC, Geo_1438, 1437960, 60236322, LeidenCP, 1.500000000000e-03, 3, 980, 9, 4.425918818510e+14, 3.712103868750e+13, 8.387193757882e-02
BMC, Geo_1438, 1437960, 60236322, LeidenCP, 2.000000000000e-03, 1, 1224, 9, 4.425918818510e+14, 3.748334490739e+13, 8.469053872073e-02
BMC, Geo_1438, 1437960, 60236322, LeidenCP, 2.000000000000e-03, 2, 1224, 11, 4.425918818509e+14, 3.722566097868e+13, 8.410832305148e-02
BMC, Geo_1438, 1437960, 60236322, LeidenCP, 2.000000000000e-03, 3, 1224, 9, 4.425918818510e+14, 3.718524315213e+13, 8.401700229254e-02
BMC, Hook_1498, 1498023, 59374451, LeidenCP, 5.000000000000e-04, 1, 440, 9, 4.820480225167e+07, 3.969592731438e+06, 8.234849114646e-02
BMC, Hook_1498, 1498023, 59374451, LeidenCP, 5.000000000000e-04, 2, 440, 9, 4.820480225167e+07, 3.964991854089e+06, 8.225304676883e-02
BMC, Hook_1498, 1498023, 59374451, LeidenCP, 5.000000000000e-04, 3, 440, 9, 4.820480225167e+07, 3.965280460444e+06, 8.225903385604e-02
BMC, Hook_1498, 1498023, 59374451, LeidenCP, 7.500000000000e-04, 1, 622, 9, 4.820480225167e+07, 3.981095880750e+06, 8.258712192128e-02
BMC, Hook_1498, 1498023, 59374451, LeidenCP, 7.500000000000e-04, 2, 622, 10, 4.820480225167e+07, 3.975632278324e+06, 8.247378046625e-02
BMC, Hook_1498, 1498023, 59374451, LeidenCP, 7.500000000000e-04, 3, 622, 9, 4.820480225167e+07, 3.975099912795e+06, 8.246273663859e-02
BMC, Hook_1498, 1498023, 59374451, LeidenCP, 1.000000000000e-03, 1, 779, 10, 4.820480225167e+07, 3.992555360714e+06, 8.282484678330e-02
BMC, Hook_1498, 1498023, 59374451, LeidenCP, 1.000000000000e-03, 2, 779, 10, 4.820480225167e+07, 3.988861345260e+06, 8.274821509348e-02
BMC, Hook_1498, 1498023, 59374451, LeidenCP, 1.000000000000e-03, 3, 779, 10, 4.820480225167e+07, 3.992374469901e+06, 8.282109423574e-02
BMC, Hook_1498, 1498023, 59374451, LeidenCP, 1.250000000000e-03, 1, 921, 9, 4.820480225167e+07, 3.998757294108e+06, 8.295350478219e-02
BMC, Hook_1498, 1498023, 59374451, LeidenCP, 1.250000000000e-03, 2, 921, 10, 4.820480225167e+07, 3.996753149428e+06, 8.291192915928e-02
BMC, Hook_1498, 1498023, 59374451, LeidenCP, 1.250000000000e-03, 3, 921, 9, 4.820480225167e+07, 3.990181538593e+06, 8.277560226802e-02
BMC, Hook_1498, 1498023, 59374451, LeidenCP, 1.500000000000e-03, 1, 1077, 9, 4.820480225166e+07, 4.004206263359e+06, 8.306654267460e-02
BMC, Hook_1498, 1498023, 59374451, LeidenCP, 1.500000000000e-03, 2, 1077, 12, 4.820480225167e+07, 4.002981574673e+06, 8.304113672687e-02
BMC, Hook_1498, 1498023, 59374451, LeidenCP, 1.500000000000e-03, 3, 1077, 9, 4.820480225167e+07, 3.999467995369e+06, 8.296824815271e-02
BMC, Hook_1498, 1498023, 59374451, LeidenCP, 2.000000000000e-03, 1, 1354, 9, 4.820480225166e+07, 4.017665783908e+06, 8.334575802080e-02
BMC, Hook_1498, 1498023, 59374451, LeidenCP, 2.000000000000e-03, 2, 1354, 12, 4.820480225167e+07, 4.011989957394e+06, 8.322801401504e-02
BMC, Hook_1498, 1498023, 59374451, LeidenCP, 2.000000000000e-03, 3, 1354, 9, 4.820480225167e+07, 4.013567735869e+06, 8.326074474727e-02
BMC, thermal2, 1228045, 8580313, LeidenCP, 5.000000000000e-04, 1, 4368, 6, 4.657354734334e+03, 4.483428434966e+02, 9.626555610881e-02
BMC, thermal2, 1228045, 8580313, LeidenCP, 5.000000000000e-04, 2, 4368, 7, 4.657354734334e+03, 4.483805257488e+02, 9.627364702184e-02
BMC, thermal2, 1228045, 8580313, LeidenCP, 5.000000000000e-04, 3, 4368, 6, 4.657354734334e+03, 4.484260995543e+02, 9.628343236312e-02
BMC, thermal2, 1228045, 8580313, LeidenCP, 7.500000000000e-04, 1, 5448, 6, 4.657354734334e+03, 4.477443761661e+02, 9.613705669987e-02
BMC, thermal2, 1228045, 8580313, LeidenCP, 7.500000000000e-04, 2, 5448, 7, 4.657354734334e+03, 4.477698318547e+02, 9.614252239662e-02
BMC, thermal2, 1228045, 8580313, LeidenCP, 7.500000000000e-04, 3, 5448, 6, 4.657354734334e+03, 4.478083942328e+02, 9.615080228515e-02
BMC, thermal2, 1228045, 8580313, LeidenCP, 1.000000000000e-03, 1, 6404, 6, 4.657354734334e+03, 4.473446927904e+02, 9.605123902042e-02
BMC, thermal2, 1228045, 8580313, LeidenCP, 1.000000000000e-03, 2, 6404, 7, 4.657354734334e+03, 4.474218758624e+02, 9.606781131873e-02
BMC, thermal2, 1228045, 8580313, LeidenCP, 1.000000000000e-03, 3, 6404, 6, 4.657354734334e+03, 4.474295084150e+02, 9.606945013583e-02
BMC, thermal2, 1228045, 8580313, LeidenCP, 1.250000000000e-03, 1, 7335, 6, 4.657354734334e+03, 4.469036440088e+02, 9.595653960266e-02
BMC, thermal2, 1228045, 8580313, LeidenCP, 1.250000000000e-03, 2, 7335, 7, 4.657354734334e+03, 4.469017802694e+02, 9.595613943142e-02
BMC, thermal2, 1228045, 8580313, LeidenCP, 1.250000000000e-03, 3, 7335, 6, 4.657354734334e+03, 4.470256684415e+02, 9.598273997599e-02
BMC, thermal2, 1228045, 8580313, LeidenCP, 1.500000000000e-03, 1, 8165, 6, 4.657354734334e+03, 4.464882828261e+02, 9.586735567608e-02
BMC, thermal2, 1228045, 8580313, LeidenCP, 1.500000000000e-03, 2, 8165, 7, 4.657354734334e+03, 4.465418812975e+02, 9.587886402674e-02
BMC, thermal2, 1228045, 8580313, LeidenCP, 1.500000000000e-03, 3, 8165, 6, 4.657354734334e+03, 4.465982597582e+02, 9.589096928046e-02
BMC, thermal2, 1228045, 8580313, LeidenCP, 2.000000000000e-03, 1, 9749, 6, 4.657354734334e+03, 4.458751148825e+02, 9.573569983739e-02
BMC, thermal2, 1228045, 8580313, LeidenCP, 2.000000000000e-03, 2, 9749, 7, 4.657354734334e+03, 4.458265228920e+02, 9.572526644908e-02
BMC, thermal2, 1228045, 8580313, LeidenCP, 2.000000000000e-03, 3, 9749, 6, 4.657354734334e+03, 4.458805794404e+02, 9.573687315534e-02
BMC, tmt_sym, 726713, 5080961, LeidenCP, 5.000000000000e-04, 1, 2003, 6, 3.807206499221e+03, 2.912309459431e+02, 7.649465454597e-02
BMC, tmt_sym, 726713, 5080961, LeidenCP, 5.000000000000e-04, 2, 2003, 6, 3.807206499221e+03, 2.912529506075e+02, 7.650043428616e-02
BMC, tmt_sym, 726713, 5080961, LeidenCP, 5.000000000000e-04, 3, 2003, 6, 3.807206499221e+03, 2.911781707650e+02, 7.648079262961e-02
BMC, tmt_sym, 726713, 5080961, LeidenCP, 7.500000000000e-04, 1, 2649, 6, 3.807206499221e+03, 2.932332963701e+02, 7.702059145730e-02
BMC, tmt_sym, 726713, 5080961, LeidenCP, 7.500000000000e-04, 2, 2649, 7, 3.807206499221e+03, 2.931440927297e+02, 7.699716124924e-02
BMC, tmt_sym, 726713, 5080961, LeidenCP, 7.500000000000e-04, 3, 2649, 6, 3.807206499221e+03, 2.931253558119e+02, 7.699223981466e-02
BMC, tmt_sym, 726713, 5080961, LeidenCP, 1.000000000000e-03, 1, 3237, 6, 3.807206499221e+03, 2.945869652651e+02, 7.737614582381e-02
BMC, tmt_sym, 726713, 5080961, LeidenCP, 1.000000000000e-03, 2, 3237, 6, 3.807206499221e+03, 2.946540833074e+02, 7.739377503366e-02
BMC, tmt_sym, 726713, 5080961, LeidenCP, 1.000000000000e-03, 3, 3237, 6, 3.807206499221e+03, 2.945734286125e+02, 7.737259028969e-02
BMC, tmt_sym, 726713, 5080961, LeidenCP, 1.250000000000e-03, 1, 3764, 6, 3.807206499221e+03, 2.957834313725e+02, 7.769040934160e-02
BMC, tmt_sym, 726713, 5080961, LeidenCP, 1.250000000000e-03, 2, 3764, 7, 3.807206499221e+03, 2.959694384796e+02, 7.773926592639e-02
BMC, tmt_sym, 726713, 5080961, LeidenCP, 1.250000000000e-03, 3, 3764, 6, 3.807206499221e+03, 2.957265649259e+02, 7.767547281358e-02
BMC, tmt_sym, 726713, 5080961, LeidenCP, 1.500000000000e-03, 1, 4251, 6, 3.807206499221e+03, 2.968531675534e+02, 7.797138600549e-02
BMC, tmt_sym, 726713, 5080961, LeidenCP, 1.500000000000e-03, 2, 4251, 7, 3.807206499221e+03, 2.969092163594e+02, 7.798610777224e-02
BMC, tmt_sym, 726713, 5080961, LeidenCP, 1.500000000000e-03, 3, 4251, 6, 3.807206499221e+03, 2.968164986805e+02, 7.796175456762e-02
BMC, tmt_sym, 726713, 5080961, LeidenCP, 2.000000000000e-03, 1, 5224, 6, 3.807206499221e+03, 2.987716671379e+02, 7.847529867347e-02
BMC, tmt_sym, 726713, 5080961, LeidenCP, 2.000000000000e-03, 2, 5224, 7, 3.807206499221e+03, 2.987093656035e+02, 7.845893456649e-02
BMC, tmt_sym, 726713, 5080961, LeidenCP, 2.000000000000e-03, 3, 5224, 6, 3.807206499221e+03, 2.988149926330e+02, 7.848667853823e-02
